county,state,cbsa,kind
Brown County,South Dakota,"Aberdeen, SD",Micropolitan Statistical Area
Edmunds County,South Dakota,"Aberdeen, SD",Micropolitan Statistical Area
Grays Harbor County,Washington,"Aberdeen, WA",Micropolitan Statistical Area
Callahan County,Texas,"Abilene, TX",Metropolitan Statistical Area
Jones County,Texas,"Abilene, TX",Metropolitan Statistical Area
Taylor County,Texas,"Abilene, TX",Metropolitan Statistical Area
Pontotoc County,Oklahoma,"Ada, OK",Micropolitan Statistical Area
Lenawee County,Michigan,"Adrian, MI",Micropolitan Statistical Area
Aguada Municipio,Puerto Rico,"Aguadilla, PR",Metropolitan Statistical Area
Aguadilla Municipio,Puerto Rico,"Aguadilla, PR",Metropolitan Statistical Area
Añasco Municipio,Puerto Rico,"Aguadilla, PR",Metropolitan Statistical Area
Isabela Municipio,Puerto Rico,"Aguadilla, PR",Metropolitan Statistical Area
Moca Municipio,Puerto Rico,"Aguadilla, PR",Metropolitan Statistical Area
Rincón Municipio,Puerto Rico,"Aguadilla, PR",Metropolitan Statistical Area
San Sebastián Municipio,Puerto Rico,"Aguadilla, PR",Metropolitan Statistical Area
Portage County,Ohio,"Akron, OH",Metropolitan Statistical Area
Summit County,Ohio,"Akron, OH",Metropolitan Statistical Area
Otero County,New Mexico,"Alamogordo, NM",Micropolitan Statistical Area
Alamosa County,Colorado,"Alamosa, CO",Micropolitan Statistical Area
Conejos County,Colorado,"Alamosa, CO",Micropolitan Statistical Area
Costilla County,Colorado,"Alamosa, CO",Micropolitan Statistical Area
Dougherty County,Georgia,"Albany, GA",Metropolitan Statistical Area
Lee County,Georgia,"Albany, GA",Metropolitan Statistical Area
Terrell County,Georgia,"Albany, GA",Metropolitan Statistical Area
Worth County,Georgia,"Albany, GA",Metropolitan Statistical Area
Linn County,Oregon,"Albany, OR",Metropolitan Statistical Area
Albany County,New York,"Albany-Schenectady-Troy, NY",Metropolitan Statistical Area
Rensselaer County,New York,"Albany-Schenectady-Troy, NY",Metropolitan Statistical Area
Saratoga County,New York,"Albany-Schenectady-Troy, NY",Metropolitan Statistical Area
Schenectady County,New York,"Albany-Schenectady-Troy, NY",Metropolitan Statistical Area
Schoharie County,New York,"Albany-Schenectady-Troy, NY",Metropolitan Statistical Area
Stanly County,North Carolina,"Albemarle, NC",Micropolitan Statistical Area
Freeborn County,Minnesota,"Albert Lea, MN",Micropolitan Statistical Area
Marshall County,Alabama,"Albertville, AL",Micropolitan Statistical Area
Bernalillo County,New Mexico,"Albuquerque, NM",Metropolitan Statistical Area
Sandoval County,New Mexico,"Albuquerque, NM",Metropolitan Statistical Area
Torrance County,New Mexico,"Albuquerque, NM",Metropolitan Statistical Area
Valencia County,New Mexico,"Albuquerque, NM",Metropolitan Statistical Area
Tallapoosa County,Alabama,"Alexander City, AL",Micropolitan Statistical Area
Grant Parish,Louisiana,"Alexandria, LA",Metropolitan Statistical Area
Rapides Parish,Louisiana,"Alexandria, LA",Metropolitan Statistical Area
Douglas County,Minnesota,"Alexandria, MN",Micropolitan Statistical Area
Brooks County,Texas,"Alice, TX",Micropolitan Statistical Area
Jim Wells County,Texas,"Alice, TX",Micropolitan Statistical Area
Warren County,New Jersey,"Allentown-Bethlehem-Easton, PA-NJ",Metropolitan Statistical Area
Carbon County,Pennsylvania,"Allentown-Bethlehem-Easton, PA-NJ",Metropolitan Statistical Area
Lehigh County,Pennsylvania,"Allentown-Bethlehem-Easton, PA-NJ",Metropolitan Statistical Area
Northampton County,Pennsylvania,"Allentown-Bethlehem-Easton, PA-NJ",Metropolitan Statistical Area
Gratiot County,Michigan,"Alma, MI",Micropolitan Statistical Area
Alpena County,Michigan,"Alpena, MI",Micropolitan Statistical Area
Blair County,Pennsylvania,"Altoona, PA",Metropolitan Statistical Area
Jackson County,Oklahoma,"Altus, OK",Micropolitan Statistical Area
Armstrong County,Texas,"Amarillo, TX",Metropolitan Statistical Area
Carson County,Texas,"Amarillo, TX",Metropolitan Statistical Area
Oldham County,Texas,"Amarillo, TX",Metropolitan Statistical Area
Potter County,Texas,"Amarillo, TX",Metropolitan Statistical Area
Randall County,Texas,"Amarillo, TX",Metropolitan Statistical Area
Schley County,Georgia,"Americus, GA",Micropolitan Statistical Area
Sumter County,Georgia,"Americus, GA",Micropolitan Statistical Area
Boone County,Iowa,"Ames, IA",Metropolitan Statistical Area
Story County,Iowa,"Ames, IA",Metropolitan Statistical Area
Hampshire County,Massachusetts,"Amherst Town-Northampton, MA",Metropolitan Statistical Area
Montgomery County,New York,"Amsterdam, NY",Micropolitan Statistical Area
Anchorage Municipality,Alaska,"Anchorage, AK",Metropolitan Statistical Area
Matanuska-Susitna Borough,Alaska,"Anchorage, AK",Metropolitan Statistical Area
Harnett County,North Carolina,"Anderson Creek, NC",Micropolitan Statistical Area
Andrews County,Texas,"Andrews, TX",Micropolitan Statistical Area
Steuben County,Indiana,"Angola, IN",Micropolitan Statistical Area
Washtenaw County,Michigan,"Ann Arbor, MI",Metropolitan Statistical Area
Calhoun County,Alabama,"Anniston-Oxford, AL",Metropolitan Statistical Area
Calumet County,Wisconsin,"Appleton, WI",Metropolitan Statistical Area
Outagamie County,Wisconsin,"Appleton, WI",Metropolitan Statistical Area
DeSoto County,Florida,"Arcadia, FL",Micropolitan Statistical Area
Carter County,Oklahoma,"Ardmore, OK",Micropolitan Statistical Area
Arecibo Municipio,Puerto Rico,"Arecibo, PR",Metropolitan Statistical Area
Camuy Municipio,Puerto Rico,"Arecibo, PR",Metropolitan Statistical Area
Hatillo Municipio,Puerto Rico,"Arecibo, PR",Metropolitan Statistical Area
Quebradillas Municipio,Puerto Rico,"Arecibo, PR",Metropolitan Statistical Area
Clark County,Arkansas,"Arkadelphia, AR",Micropolitan Statistical Area
Cowley County,Kansas,"Arkansas City-Winfield, KS",Micropolitan Statistical Area
Buncombe County,North Carolina,"Asheville, NC",Metropolitan Statistical Area
Henderson County,North Carolina,"Asheville, NC",Metropolitan Statistical Area
Madison County,North Carolina,"Asheville, NC",Metropolitan Statistical Area
Ashland County,Ohio,"Ashland, OH",Micropolitan Statistical Area
Clatsop County,Oregon,"Astoria, OR",Micropolitan Statistical Area
Atchison County,Kansas,"Atchison, KS",Micropolitan Statistical Area
Athens County,Ohio,"Athens, OH",Micropolitan Statistical Area
McMinn County,Tennessee,"Athens, TN",Micropolitan Statistical Area
Meigs County,Tennessee,"Athens, TN",Micropolitan Statistical Area
Henderson County,Texas,"Athens, TX",Micropolitan Statistical Area
Clarke County,Georgia,"Athens-Clarke County, GA",Metropolitan Statistical Area
Madison County,Georgia,"Athens-Clarke County, GA",Metropolitan Statistical Area
Oconee County,Georgia,"Athens-Clarke County, GA",Metropolitan Statistical Area
Oglethorpe County,Georgia,"Athens-Clarke County, GA",Metropolitan Statistical Area
Barrow County,Georgia,"Atlanta-Sandy Springs-Roswell, GA",Metropolitan Statistical Area
Butts County,Georgia,"Atlanta-Sandy Springs-Roswell, GA",Metropolitan Statistical Area
Carroll County,Georgia,"Atlanta-Sandy Springs-Roswell, GA",Metropolitan Statistical Area
Clayton County,Georgia,"Atlanta-Sandy Springs-Roswell, GA",Metropolitan Statistical Area
Coweta County,Georgia,"Atlanta-Sandy Springs-Roswell, GA",Metropolitan Statistical Area
Dawson County,Georgia,"Atlanta-Sandy Springs-Roswell, GA",Metropolitan Statistical Area
DeKalb County,Georgia,"Atlanta-Sandy Springs-Roswell, GA",Metropolitan Statistical Area
Douglas County,Georgia,"Atlanta-Sandy Springs-Roswell, GA",Metropolitan Statistical Area
Fayette County,Georgia,"Atlanta-Sandy Springs-Roswell, GA",Metropolitan Statistical Area
Forsyth County,Georgia,"Atlanta-Sandy Springs-Roswell, GA",Metropolitan Statistical Area
Fulton County,Georgia,"Atlanta-Sandy Springs-Roswell, GA",Metropolitan Statistical Area
Gwinnett County,Georgia,"Atlanta-Sandy Springs-Roswell, GA",Metropolitan Statistical Area
Heard County,Georgia,"Atlanta-Sandy Springs-Roswell, GA",Metropolitan Statistical Area
Henry County,Georgia,"Atlanta-Sandy Springs-Roswell, GA",Metropolitan Statistical Area
Jasper County,Georgia,"Atlanta-Sandy Springs-Roswell, GA",Metropolitan Statistical Area
Lumpkin County,Georgia,"Atlanta-Sandy Springs-Roswell, GA",Metropolitan Statistical Area
Meriwether County,Georgia,"Atlanta-Sandy Springs-Roswell, GA",Metropolitan Statistical Area
Morgan County,Georgia,"Atlanta-Sandy Springs-Roswell, GA",Metropolitan Statistical Area
Newton County,Georgia,"Atlanta-Sandy Springs-Roswell, GA",Metropolitan Statistical Area
Pickens County,Georgia,"Atlanta-Sandy Springs-Roswell, GA",Metropolitan Statistical Area
Pike County,Georgia,"Atlanta-Sandy Springs-Roswell, GA",Metropolitan Statistical Area
Rockdale County,Georgia,"Atlanta-Sandy Springs-Roswell, GA",Metropolitan Statistical Area
Spalding County,Georgia,"Atlanta-Sandy Springs-Roswell, GA",Metropolitan Statistical Area
Walton County,Georgia,"Atlanta-Sandy Springs-Roswell, GA",Metropolitan Statistical Area
Bartow County,Georgia,"Atlanta-Sandy Springs-Roswell, GA",Metropolitan Statistical Area
Cherokee County,Georgia,"Atlanta-Sandy Springs-Roswell, GA",Metropolitan Statistical Area
Cobb County,Georgia,"Atlanta-Sandy Springs-Roswell, GA",Metropolitan Statistical Area
Haralson County,Georgia,"Atlanta-Sandy Springs-Roswell, GA",Metropolitan Statistical Area
Paulding County,Georgia,"Atlanta-Sandy Springs-Roswell, GA",Metropolitan Statistical Area
Atlantic County,New Jersey,"Atlantic City-Hammonton, NJ",Metropolitan Statistical Area
Cape May County,New Jersey,"Atlantic City-Hammonton, NJ",Metropolitan Statistical Area
DeKalb County,Indiana,"Auburn, IN",Micropolitan Statistical Area
Cayuga County,New York,"Auburn, NY",Micropolitan Statistical Area
Lee County,Alabama,"Auburn-Opelika, AL",Metropolitan Statistical Area
Macon County,Alabama,"Auburn-Opelika, AL",Metropolitan Statistical Area
Burke County,Georgia,"Augusta-Richmond County, GA-SC",Metropolitan Statistical Area
Columbia County,Georgia,"Augusta-Richmond County, GA-SC",Metropolitan Statistical Area
Lincoln County,Georgia,"Augusta-Richmond County, GA-SC",Metropolitan Statistical Area
McDuffie County,Georgia,"Augusta-Richmond County, GA-SC",Metropolitan Statistical Area
Richmond County,Georgia,"Augusta-Richmond County, GA-SC",Metropolitan Statistical Area
Aiken County,South Carolina,"Augusta-Richmond County, GA-SC",Metropolitan Statistical Area
Edgefield County,South Carolina,"Augusta-Richmond County, GA-SC",Metropolitan Statistical Area
Kennebec County,Maine,"Augusta-Waterville, ME",Micropolitan Statistical Area
Mower County,Minnesota,"Austin, MN",Micropolitan Statistical Area
Bastrop County,Texas,"Austin-Round Rock-San Marcos, TX",Metropolitan Statistical Area
Caldwell County,Texas,"Austin-Round Rock-San Marcos, TX",Metropolitan Statistical Area
Hays County,Texas,"Austin-Round Rock-San Marcos, TX",Metropolitan Statistical Area
Travis County,Texas,"Austin-Round Rock-San Marcos, TX",Metropolitan Statistical Area
Williamson County,Texas,"Austin-Round Rock-San Marcos, TX",Metropolitan Statistical Area
Decatur County,Georgia,"Bainbridge, GA",Micropolitan Statistical Area
Baker County,Oregon,"Baker City, OR",Micropolitan Statistical Area
Kern County,California,"Bakersfield-Delano, CA",Metropolitan Statistical Area
Anne Arundel County,Maryland,"Baltimore-Columbia-Towson, MD",Metropolitan Statistical Area
Baltimore County,Maryland,"Baltimore-Columbia-Towson, MD",Metropolitan Statistical Area
Carroll County,Maryland,"Baltimore-Columbia-Towson, MD",Metropolitan Statistical Area
Harford County,Maryland,"Baltimore-Columbia-Towson, MD",Metropolitan Statistical Area
Howard County,Maryland,"Baltimore-Columbia-Towson, MD",Metropolitan Statistical Area
Queen Anne's County,Maryland,"Baltimore-Columbia-Towson, MD",Metropolitan Statistical Area
Baltimore city,Maryland,"Baltimore-Columbia-Towson, MD",Metropolitan Statistical Area
Penobscot County,Maine,"Bangor, ME",Metropolitan Statistical Area
Sauk County,Wisconsin,"Baraboo, WI",Micropolitan Statistical Area
Barnstable County,Massachusetts,"Barnstable Town, MA",Metropolitan Statistical Area
Washington County,Vermont,"Barre, VT",Micropolitan Statistical Area
Washington County,Oklahoma,"Bartlesville, OK",Micropolitan Statistical Area
Genesee County,New York,"Batavia, NY",Micropolitan Statistical Area
Independence County,Arkansas,"Batesville, AR",Micropolitan Statistical Area
Ascension Parish,Louisiana,"Baton Rouge, LA",Metropolitan Statistical Area
Assumption Parish,Louisiana,"Baton Rouge, LA",Metropolitan Statistical Area
East Baton Rouge Parish,Louisiana,"Baton Rouge, LA",Metropolitan Statistical Area
East Feliciana Parish,Louisiana,"Baton Rouge, LA",Metropolitan Statistical Area
Iberville Parish,Louisiana,"Baton Rouge, LA",Metropolitan Statistical Area
Livingston Parish,Louisiana,"Baton Rouge, LA",Metropolitan Statistical Area
Pointe Coupee Parish,Louisiana,"Baton Rouge, LA",Metropolitan Statistical Area
St. Helena Parish,Louisiana,"Baton Rouge, LA",Metropolitan Statistical Area
West Baton Rouge Parish,Louisiana,"Baton Rouge, LA",Metropolitan Statistical Area
West Feliciana Parish,Louisiana,"Baton Rouge, LA",Metropolitan Statistical Area
Calhoun County,Michigan,"Battle Creek, MI",Metropolitan Statistical Area
Bay County,Michigan,"Bay City, MI",Metropolitan Statistical Area
Matagorda County,Texas,"Bay City, TX",Micropolitan Statistical Area
Gage County,Nebraska,"Beatrice, NE",Micropolitan Statistical Area
Hardin County,Texas,"Beaumont-Port Arthur, TX",Metropolitan Statistical Area
Jefferson County,Texas,"Beaumont-Port Arthur, TX",Metropolitan Statistical Area
Orange County,Texas,"Beaumont-Port Arthur, TX",Metropolitan Statistical Area
Dodge County,Wisconsin,"Beaver Dam, WI",Micropolitan Statistical Area
Fayette County,West Virginia,"Beckley, WV",Metropolitan Statistical Area
Raleigh County,West Virginia,"Beckley, WV",Metropolitan Statistical Area
Lawrence County,Indiana,"Bedford, IN",Micropolitan Statistical Area
Bee County,Texas,"Beeville, TX",Micropolitan Statistical Area
Logan County,Ohio,"Bellefontaine, OH",Micropolitan Statistical Area
Whatcom County,Washington,"Bellingham, WA",Metropolitan Statistical Area
Beltrami County,Minnesota,"Bemidji, MN",Micropolitan Statistical Area
Crook County,Oregon,"Bend, OR",Metropolitan Statistical Area
Deschutes County,Oregon,"Bend, OR",Metropolitan Statistical Area
Jefferson County,Oregon,"Bend, OR",Metropolitan Statistical Area
Bennington County,Vermont,"Bennington, VT",Micropolitan Statistical Area
Mecosta County,Michigan,"Big Rapids, MI",Micropolitan Statistical Area
Howard County,Texas,"Big Spring, TX",Micropolitan Statistical Area
Carbon County,Montana,"Billings, MT",Metropolitan Statistical Area
Stillwater County,Montana,"Billings, MT",Metropolitan Statistical Area
Yellowstone County,Montana,"Billings, MT",Metropolitan Statistical Area
Broome County,New York,"Binghamton, NY",Metropolitan Statistical Area
Tioga County,New York,"Binghamton, NY",Metropolitan Statistical Area
Bibb County,Alabama,"Birmingham, AL",Metropolitan Statistical Area
Blount County,Alabama,"Birmingham, AL",Metropolitan Statistical Area
Chilton County,Alabama,"Birmingham, AL",Metropolitan Statistical Area
Jefferson County,Alabama,"Birmingham, AL",Metropolitan Statistical Area
St. Clair County,Alabama,"Birmingham, AL",Metropolitan Statistical Area
Shelby County,Alabama,"Birmingham, AL",Metropolitan Statistical Area
Walker County,Alabama,"Birmingham, AL",Metropolitan Statistical Area
Inyo County,California,"Bishop, CA",Micropolitan Statistical Area
Burleigh County,North Dakota,"Bismarck, ND",Metropolitan Statistical Area
Morton County,North Dakota,"Bismarck, ND",Metropolitan Statistical Area
Oliver County,North Dakota,"Bismarck, ND",Metropolitan Statistical Area
Bingham County,Idaho,"Blackfoot, ID",Micropolitan Statistical Area
Floyd County,Virginia,"Blacksburg-Christiansburg-Radford, VA",Metropolitan Statistical Area
Giles County,Virginia,"Blacksburg-Christiansburg-Radford, VA",Metropolitan Statistical Area
Montgomery County,Virginia,"Blacksburg-Christiansburg-Radford, VA",Metropolitan Statistical Area
Pulaski County,Virginia,"Blacksburg-Christiansburg-Radford, VA",Metropolitan Statistical Area
Radford city,Virginia,"Blacksburg-Christiansburg-Radford, VA",Metropolitan Statistical Area
McLean County,Illinois,"Bloomington, IL",Metropolitan Statistical Area
Monroe County,Indiana,"Bloomington, IN",Metropolitan Statistical Area
Owen County,Indiana,"Bloomington, IN",Metropolitan Statistical Area
Columbia County,Pennsylvania,"Bloomsburg-Berwick, PA",Micropolitan Statistical Area
Tazewell County,Virginia,"Bluefield, WV-VA",Micropolitan Statistical Area
Mercer County,West Virginia,"Bluefield, WV-VA",Micropolitan Statistical Area
Mississippi County,Arkansas,"Blytheville, AR",Micropolitan Statistical Area
Washington Parish,Louisiana,"Bogalusa, LA",Micropolitan Statistical Area
Ada County,Idaho,"Boise City, ID",Metropolitan Statistical Area
Boise County,Idaho,"Boise City, ID",Metropolitan Statistical Area
Canyon County,Idaho,"Boise City, ID",Metropolitan Statistical Area
Gem County,Idaho,"Boise City, ID",Metropolitan Statistical Area
Owyhee County,Idaho,"Boise City, ID",Metropolitan Statistical Area
Fannin County,Texas,"Bonham, TX",Micropolitan Statistical Area
Watauga County,North Carolina,"Boone, NC",Micropolitan Statistical Area
Hutchinson County,Texas,"Borger, TX",Micropolitan Statistical Area
Norfolk County,Massachusetts,"Boston-Cambridge-Newton, MA-NH",Metropolitan Statistical Area
Plymouth County,Massachusetts,"Boston-Cambridge-Newton, MA-NH",Metropolitan Statistical Area
Suffolk County,Massachusetts,"Boston-Cambridge-Newton, MA-NH",Metropolitan Statistical Area
Essex County,Massachusetts,"Boston-Cambridge-Newton, MA-NH",Metropolitan Statistical Area
Middlesex County,Massachusetts,"Boston-Cambridge-Newton, MA-NH",Metropolitan Statistical Area
Rockingham County,New Hampshire,"Boston-Cambridge-Newton, MA-NH",Metropolitan Statistical Area
Strafford County,New Hampshire,"Boston-Cambridge-Newton, MA-NH",Metropolitan Statistical Area
Boulder County,Colorado,"Boulder, CO",Metropolitan Statistical Area
Allen County,Kentucky,"Bowling Green, KY",Metropolitan Statistical Area
Butler County,Kentucky,"Bowling Green, KY",Metropolitan Statistical Area
Edmonson County,Kentucky,"Bowling Green, KY",Metropolitan Statistical Area
Warren County,Kentucky,"Bowling Green, KY",Metropolitan Statistical Area
Gallatin County,Montana,"Bozeman, MT",Metropolitan Statistical Area
McKean County,Pennsylvania,"Bradford, PA",Micropolitan Statistical Area
Cass County,Minnesota,"Brainerd, MN",Micropolitan Statistical Area
Crow Wing County,Minnesota,"Brainerd, MN",Micropolitan Statistical Area
Taney County,Missouri,"Branson, MO",Micropolitan Statistical Area
Windham County,Vermont,"Brattleboro, VT",Micropolitan Statistical Area
Lake County,Colorado,"Breckenridge, CO",Micropolitan Statistical Area
Summit County,Colorado,"Breckenridge, CO",Micropolitan Statistical Area
Kitsap County,Washington,"Bremerton-Silverdale-Port Orchard, WA",Metropolitan Statistical Area
Washington County,Texas,"Brenham, TX",Micropolitan Statistical Area
Transylvania County,North Carolina,"Brevard, NC",Micropolitan Statistical Area
Greater Bridgeport Planning Region,Connecticut,"Bridgeport-Stamford-Danbury, CT",Metropolitan Statistical Area
Western Connecticut Planning Region,Connecticut,"Bridgeport-Stamford-Danbury, CT",Metropolitan Statistical Area
Oneida County,Idaho,"Brigham City, UT-ID",Micropolitan Statistical Area
Box Elder County,Utah,"Brigham City, UT-ID",Micropolitan Statistical Area
Lincoln County,Mississippi,"Brookhaven, MS",Micropolitan Statistical Area
Curry County,Oregon,"Brookings, OR",Micropolitan Statistical Area
Brookings County,South Dakota,"Brookings, SD",Micropolitan Statistical Area
Cameron County,Texas,"Brownsville-Harlingen, TX",Metropolitan Statistical Area
Brown County,Texas,"Brownwood, TX",Micropolitan Statistical Area
Brantley County,Georgia,"Brunswick-St. Simons, GA",Metropolitan Statistical Area
Glynn County,Georgia,"Brunswick-St. Simons, GA",Metropolitan Statistical Area
McIntosh County,Georgia,"Brunswick-St. Simons, GA",Metropolitan Statistical Area
Crawford County,Ohio,"Bucyrus, OH",Micropolitan Statistical Area
Erie County,New York,"Buffalo-Cheektowaga, NY",Metropolitan Statistical Area
Niagara County,New York,"Buffalo-Cheektowaga, NY",Metropolitan Statistical Area
Cassia County,Idaho,"Burley, ID",Micropolitan Statistical Area
Minidoka County,Idaho,"Burley, ID",Micropolitan Statistical Area
Henderson County,Illinois,"Burlington, IA-IL",Micropolitan Statistical Area
Des Moines County,Iowa,"Burlington, IA-IL",Micropolitan Statistical Area
Alamance County,North Carolina,"Burlington, NC",Metropolitan Statistical Area
Chittenden County,Vermont,"Burlington-South Burlington, VT",Metropolitan Statistical Area
Franklin County,Vermont,"Burlington-South Burlington, VT",Metropolitan Statistical Area
Grand Isle County,Vermont,"Burlington-South Burlington, VT",Metropolitan Statistical Area
Silver Bow County,Montana,"Butte-Silver Bow, MT",Micropolitan Statistical Area
Missaukee County,Michigan,"Cadillac, MI",Micropolitan Statistical Area
Wexford County,Michigan,"Cadillac, MI",Micropolitan Statistical Area
Gordon County,Georgia,"Calhoun, GA",Micropolitan Statistical Area
Dorchester County,Maryland,"Cambridge, MD",Micropolitan Statistical Area
Guernsey County,Ohio,"Cambridge, OH",Micropolitan Statistical Area
Calhoun County,Arkansas,"Camden, AR",Micropolitan Statistical Area
Ouachita County,Arkansas,"Camden, AR",Micropolitan Statistical Area
Green County,Kentucky,"Campbellsville, KY",Micropolitan Statistical Area
Taylor County,Kentucky,"Campbellsville, KY",Micropolitan Statistical Area
Fremont County,Colorado,"Cañon City, CO",Micropolitan Statistical Area
Fulton County,Illinois,"Canton, IL",Micropolitan Statistical Area
Carroll County,Ohio,"Canton-Massillon, OH",Metropolitan Statistical Area
Stark County,Ohio,"Canton-Massillon, OH",Metropolitan Statistical Area
Lee County,Florida,"Cape Coral-Fort Myers, FL",Metropolitan Statistical Area
Alexander County,Illinois,"Cape Girardeau, MO-IL",Metropolitan Statistical Area
Bollinger County,Missouri,"Cape Girardeau, MO-IL",Metropolitan Statistical Area
Cape Girardeau County,Missouri,"Cape Girardeau, MO-IL",Metropolitan Statistical Area
Jackson County,Illinois,"Carbondale, IL",Micropolitan Statistical Area
Eddy County,New Mexico,"Carlsbad-Artesia, NM",Micropolitan Statistical Area
Carroll County,Iowa,"Carroll, IA",Micropolitan Statistical Area
Carson City,Nevada,"Carson City, NV",Metropolitan Statistical Area
Natrona County,Wyoming,"Casper, WY",Metropolitan Statistical Area
Iron County,Utah,"Cedar City, UT",Micropolitan Statistical Area
Benton County,Iowa,"Cedar Rapids, IA",Metropolitan Statistical Area
Jones County,Iowa,"Cedar Rapids, IA",Metropolitan Statistical Area
Linn County,Iowa,"Cedar Rapids, IA",Metropolitan Statistical Area
Polk County,Georgia,"Cedartown, GA",Micropolitan Statistical Area
Mercer County,Ohio,"Celina, OH",Micropolitan Statistical Area
Marion County,Illinois,"Centralia, IL",Micropolitan Statistical Area
Lewis County,Washington,"Centralia, WA",Micropolitan Statistical Area
Franklin County,Pennsylvania,"Chambersburg, PA",Metropolitan Statistical Area
Champaign County,Illinois,"Champaign-Urbana, IL",Metropolitan Statistical Area
Ford County,Illinois,"Champaign-Urbana, IL",Metropolitan Statistical Area
Piatt County,Illinois,"Champaign-Urbana, IL",Metropolitan Statistical Area
Boone County,West Virginia,"Charleston, WV",Metropolitan Statistical Area
Clay County,West Virginia,"Charleston, WV",Metropolitan Statistical Area
Kanawha County,West Virginia,"Charleston, WV",Metropolitan Statistical Area
Coles County,Illinois,"Charleston-Mattoon, IL",Micropolitan Statistical Area
Berkeley County,South Carolina,"Charleston-North Charleston, SC",Metropolitan Statistical Area
Charleston County,South Carolina,"Charleston-North Charleston, SC",Metropolitan Statistical Area
Dorchester County,South Carolina,"Charleston-North Charleston, SC",Metropolitan Statistical Area
Anson County,North Carolina,"Charlotte-Concord-Gastonia, NC-SC",Metropolitan Statistical Area
Cabarrus County,North Carolina,"Charlotte-Concord-Gastonia, NC-SC",Metropolitan Statistical Area
Gaston County,North Carolina,"Charlotte-Concord-Gastonia, NC-SC",Metropolitan Statistical Area
Iredell County,North Carolina,"Charlotte-Concord-Gastonia, NC-SC",Metropolitan Statistical Area
Lincoln County,North Carolina,"Charlotte-Concord-Gastonia, NC-SC",Metropolitan Statistical Area
Mecklenburg County,North Carolina,"Charlotte-Concord-Gastonia, NC-SC",Metropolitan Statistical Area
Rowan County,North Carolina,"Charlotte-Concord-Gastonia, NC-SC",Metropolitan Statistical Area
Union County,North Carolina,"Charlotte-Concord-Gastonia, NC-SC",Metropolitan Statistical Area
Chester County,South Carolina,"Charlotte-Concord-Gastonia, NC-SC",Metropolitan Statistical Area
Lancaster County,South Carolina,"Charlotte-Concord-Gastonia, NC-SC",Metropolitan Statistical Area
York County,South Carolina,"Charlotte-Concord-Gastonia, NC-SC",Metropolitan Statistical Area
Albemarle County,Virginia,"Charlottesville, VA",Metropolitan Statistical Area
Fluvanna County,Virginia,"Charlottesville, VA",Metropolitan Statistical Area
Greene County,Virginia,"Charlottesville, VA",Metropolitan Statistical Area
Nelson County,Virginia,"Charlottesville, VA",Metropolitan Statistical Area
Charlottesville city,Virginia,"Charlottesville, VA",Metropolitan Statistical Area
Catoosa County,Georgia,"Chattanooga, TN-GA",Metropolitan Statistical Area
Dade County,Georgia,"Chattanooga, TN-GA",Metropolitan Statistical Area
Walker County,Georgia,"Chattanooga, TN-GA",Metropolitan Statistical Area
Hamilton County,Tennessee,"Chattanooga, TN-GA",Metropolitan Statistical Area
Marion County,Tennessee,"Chattanooga, TN-GA",Metropolitan Statistical Area
Sequatchie County,Tennessee,"Chattanooga, TN-GA",Metropolitan Statistical Area
Laramie County,Wyoming,"Cheyenne, WY",Metropolitan Statistical Area
Cook County,Illinois,"Chicago-Naperville-Elgin, IL-IN",Metropolitan Statistical Area
DuPage County,Illinois,"Chicago-Naperville-Elgin, IL-IN",Metropolitan Statistical Area
Grundy County,Illinois,"Chicago-Naperville-Elgin, IL-IN",Metropolitan Statistical Area
McHenry County,Illinois,"Chicago-Naperville-Elgin, IL-IN",Metropolitan Statistical Area
Will County,Illinois,"Chicago-Naperville-Elgin, IL-IN",Metropolitan Statistical Area
DeKalb County,Illinois,"Chicago-Naperville-Elgin, IL-IN",Metropolitan Statistical Area
Kane County,Illinois,"Chicago-Naperville-Elgin, IL-IN",Metropolitan Statistical Area
Kendall County,Illinois,"Chicago-Naperville-Elgin, IL-IN",Metropolitan Statistical Area
Lake County,Illinois,"Chicago-Naperville-Elgin, IL-IN",Metropolitan Statistical Area
Jasper County,Indiana,"Chicago-Naperville-Elgin, IL-IN",Metropolitan Statistical Area
Lake County,Indiana,"Chicago-Naperville-Elgin, IL-IN",Metropolitan Statistical Area
Newton County,Indiana,"Chicago-Naperville-Elgin, IL-IN",Metropolitan Statistical Area
Porter County,Indiana,"Chicago-Naperville-Elgin, IL-IN",Metropolitan Statistical Area
Butte County,California,"Chico, CA",Metropolitan Statistical Area
Ross County,Ohio,"Chillicothe, OH",Micropolitan Statistical Area
Dearborn County,Indiana,"Cincinnati, OH-KY-IN",Metropolitan Statistical Area
Franklin County,Indiana,"Cincinnati, OH-KY-IN",Metropolitan Statistical Area
Ohio County,Indiana,"Cincinnati, OH-KY-IN",Metropolitan Statistical Area
Boone County,Kentucky,"Cincinnati, OH-KY-IN",Metropolitan Statistical Area
Bracken County,Kentucky,"Cincinnati, OH-KY-IN",Metropolitan Statistical Area
Campbell County,Kentucky,"Cincinnati, OH-KY-IN",Metropolitan Statistical Area
Gallatin County,Kentucky,"Cincinnati, OH-KY-IN",Metropolitan Statistical Area
Grant County,Kentucky,"Cincinnati, OH-KY-IN",Metropolitan Statistical Area
Kenton County,Kentucky,"Cincinnati, OH-KY-IN",Metropolitan Statistical Area
Pendleton County,Kentucky,"Cincinnati, OH-KY-IN",Metropolitan Statistical Area
Brown County,Ohio,"Cincinnati, OH-KY-IN",Metropolitan Statistical Area
Butler County,Ohio,"Cincinnati, OH-KY-IN",Metropolitan Statistical Area
Clermont County,Ohio,"Cincinnati, OH-KY-IN",Metropolitan Statistical Area
Hamilton County,Ohio,"Cincinnati, OH-KY-IN",Metropolitan Statistical Area
Warren County,Ohio,"Cincinnati, OH-KY-IN",Metropolitan Statistical Area
Doddridge County,West Virginia,"Clarksburg, WV",Micropolitan Statistical Area
Harrison County,West Virginia,"Clarksburg, WV",Micropolitan Statistical Area
Taylor County,West Virginia,"Clarksburg, WV",Micropolitan Statistical Area
Coahoma County,Mississippi,"Clarksdale, MS",Micropolitan Statistical Area
Christian County,Kentucky,"Clarksville, TN-KY",Metropolitan Statistical Area
Trigg County,Kentucky,"Clarksville, TN-KY",Metropolitan Statistical Area
Montgomery County,Tennessee,"Clarksville, TN-KY",Metropolitan Statistical Area
Stewart County,Tennessee,"Clarksville, TN-KY",Metropolitan Statistical Area
Lake County,California,"Clearlake, CA",Micropolitan Statistical Area
Bolivar County,Mississippi,"Cleveland, MS",Micropolitan Statistical Area
Ashtabula County,Ohio,"Cleveland, OH",Metropolitan Statistical Area
Cuyahoga County,Ohio,"Cleveland, OH",Metropolitan Statistical Area
Geauga County,Ohio,"Cleveland, OH",Metropolitan Statistical Area
Lake County,Ohio,"Cleveland, OH",Metropolitan Statistical Area
Lorain County,Ohio,"Cleveland, OH",Metropolitan Statistical Area
Medina County,Ohio,"Cleveland, OH",Metropolitan Statistical Area
Bradley County,Tennessee,"Cleveland, TN",Metropolitan Statistical Area
Polk County,Tennessee,"Cleveland, TN",Metropolitan Statistical Area
Glades County,Florida,"Clewiston, FL",Micropolitan Statistical Area
Hendry County,Florida,"Clewiston, FL",Micropolitan Statistical Area
Clinton County,Iowa,"Clinton, IA",Micropolitan Statistical Area
Curry County,New Mexico,"Clovis, NM",Micropolitan Statistical Area
Roosevelt County,New Mexico,"Clovis, NM",Micropolitan Statistical Area
Coamo Municipio,Puerto Rico,"Coamo, PR",Micropolitan Statistical Area
Santa Isabel Municipio,Puerto Rico,"Coamo, PR",Micropolitan Statistical Area
Salinas Municipio,Puerto Rico,"Coco, PR",Micropolitan Statistical Area
Park County,Wyoming,"Cody, WY",Micropolitan Statistical Area
Kootenai County,Idaho,"Coeur d'Alene, ID",Metropolitan Statistical Area
Branch County,Michigan,"Coldwater, MI",Micropolitan Statistical Area
Brazos County,Texas,"College Station-Bryan, TX",Metropolitan Statistical Area
Burleson County,Texas,"College Station-Bryan, TX",Metropolitan Statistical Area
Robertson County,Texas,"College Station-Bryan, TX",Metropolitan Statistical Area
El Paso County,Colorado,"Colorado Springs, CO",Metropolitan Statistical Area
Teller County,Colorado,"Colorado Springs, CO",Metropolitan Statistical Area
Boone County,Missouri,"Columbia, MO",Metropolitan Statistical Area
Cooper County,Missouri,"Columbia, MO",Metropolitan Statistical Area
Howard County,Missouri,"Columbia, MO",Metropolitan Statistical Area
Calhoun County,South Carolina,"Columbia, SC",Metropolitan Statistical Area
Fairfield County,South Carolina,"Columbia, SC",Metropolitan Statistical Area
Kershaw County,South Carolina,"Columbia, SC",Metropolitan Statistical Area
Lexington County,South Carolina,"Columbia, SC",Metropolitan Statistical Area
Richland County,South Carolina,"Columbia, SC",Metropolitan Statistical Area
Saluda County,South Carolina,"Columbia, SC",Metropolitan Statistical Area
Russell County,Alabama,"Columbus, GA-AL",Metropolitan Statistical Area
Chattahoochee County,Georgia,"Columbus, GA-AL",Metropolitan Statistical Area
Harris County,Georgia,"Columbus, GA-AL",Metropolitan Statistical Area
Marion County,Georgia,"Columbus, GA-AL",Metropolitan Statistical Area
Muscogee County,Georgia,"Columbus, GA-AL",Metropolitan Statistical Area
Stewart County,Georgia,"Columbus, GA-AL",Metropolitan Statistical Area
Talbot County,Georgia,"Columbus, GA-AL",Metropolitan Statistical Area
Bartholomew County,Indiana,"Columbus, IN",Metropolitan Statistical Area
Lowndes County,Mississippi,"Columbus, MS",Micropolitan Statistical Area
Noxubee County,Mississippi,"Columbus, MS",Micropolitan Statistical Area
Colfax County,Nebraska,"Columbus, NE",Micropolitan Statistical Area
Platte County,Nebraska,"Columbus, NE",Micropolitan Statistical Area
Delaware County,Ohio,"Columbus, OH",Metropolitan Statistical Area
Fairfield County,Ohio,"Columbus, OH",Metropolitan Statistical Area
Franklin County,Ohio,"Columbus, OH",Metropolitan Statistical Area
Hocking County,Ohio,"Columbus, OH",Metropolitan Statistical Area
Licking County,Ohio,"Columbus, OH",Metropolitan Statistical Area
Madison County,Ohio,"Columbus, OH",Metropolitan Statistical Area
Morrow County,Ohio,"Columbus, OH",Metropolitan Statistical Area
Perry County,Ohio,"Columbus, OH",Metropolitan Statistical Area
Pickaway County,Ohio,"Columbus, OH",Metropolitan Statistical Area
Union County,Ohio,"Columbus, OH",Metropolitan Statistical Area
Merrimack County,New Hampshire,"Concord, NH",Micropolitan Statistical Area
Fayette County,Indiana,"Connersville, IN",Micropolitan Statistical Area
Jackson County,Tennessee,"Cookeville, TN",Micropolitan Statistical Area
Overton County,Tennessee,"Cookeville, TN",Micropolitan Statistical Area
Putnam County,Tennessee,"Cookeville, TN",Micropolitan Statistical Area
White County,Tennessee,"Cookeville, TN",Micropolitan Statistical Area
Coos County,Oregon,"Coos Bay-North Bend, OR",Micropolitan Statistical Area
Clay County,Kentucky,"Corbin, KY",Micropolitan Statistical Area
Knox County,Kentucky,"Corbin, KY",Micropolitan Statistical Area
Laurel County,Kentucky,"Corbin, KY",Micropolitan Statistical Area
Whitley County,Kentucky,"Corbin, KY",Micropolitan Statistical Area
Crisp County,Georgia,"Cordele, GA",Micropolitan Statistical Area
Alcorn County,Mississippi,"Corinth, MS",Micropolitan Statistical Area
Habersham County,Georgia,"Cornelia, GA",Micropolitan Statistical Area
Steuben County,New York,"Corning, NY",Micropolitan Statistical Area
Aransas County,Texas,"Corpus Christi, TX",Metropolitan Statistical Area
Nueces County,Texas,"Corpus Christi, TX",Metropolitan Statistical Area
San Patricio County,Texas,"Corpus Christi, TX",Metropolitan Statistical Area
Navarro County,Texas,"Corsicana, TX",Micropolitan Statistical Area
Cortland County,New York,"Cortland, NY",Micropolitan Statistical Area
Benton County,Oregon,"Corvallis, OR",Metropolitan Statistical Area
Coshocton County,Ohio,"Coshocton, OH",Micropolitan Statistical Area
Montgomery County,Indiana,"Crawfordsville, IN",Micropolitan Statistical Area
Del Norte County,California,"Crescent City, CA",Micropolitan Statistical Area
Okaloosa County,Florida,"Crestview-Fort Walton Beach-Destin, FL",Metropolitan Statistical Area
Walton County,Florida,"Crestview-Fort Walton Beach-Destin, FL",Metropolitan Statistical Area
Cumberland County,Tennessee,"Crossville, TN",Micropolitan Statistical Area
Cullman County,Alabama,"Cullman, AL",Micropolitan Statistical Area
Allegany County,Maryland,"Cumberland, MD-WV",Micropolitan Statistical Area
Mineral County,West Virginia,"Cumberland, MD-WV",Micropolitan Statistical Area
Collin County,Texas,"Dallas-Fort Worth-Arlington, TX",Metropolitan Statistical Area
Dallas County,Texas,"Dallas-Fort Worth-Arlington, TX",Metropolitan Statistical Area
Denton County,Texas,"Dallas-Fort Worth-Arlington, TX",Metropolitan Statistical Area
Ellis County,Texas,"Dallas-Fort Worth-Arlington, TX",Metropolitan Statistical Area
Hunt County,Texas,"Dallas-Fort Worth-Arlington, TX",Metropolitan Statistical Area
Kaufman County,Texas,"Dallas-Fort Worth-Arlington, TX",Metropolitan Statistical Area
Rockwall County,Texas,"Dallas-Fort Worth-Arlington, TX",Metropolitan Statistical Area
Johnson County,Texas,"Dallas-Fort Worth-Arlington, TX",Metropolitan Statistical Area
Parker County,Texas,"Dallas-Fort Worth-Arlington, TX",Metropolitan Statistical Area
Tarrant County,Texas,"Dallas-Fort Worth-Arlington, TX",Metropolitan Statistical Area
Wise County,Texas,"Dallas-Fort Worth-Arlington, TX",Metropolitan Statistical Area
Murray County,Georgia,"Dalton, GA",Metropolitan Statistical Area
Whitfield County,Georgia,"Dalton, GA",Metropolitan Statistical Area
Vermilion County,Illinois,"Danville, IL",Micropolitan Statistical Area
Boyle County,Kentucky,"Danville, KY",Micropolitan Statistical Area
Lincoln County,Kentucky,"Danville, KY",Micropolitan Statistical Area
Pittsylvania County,Virginia,"Danville, VA",Micropolitan Statistical Area
Danville city,Virginia,"Danville, VA",Micropolitan Statistical Area
Baldwin County,Alabama,"Daphne-Fairhope-Foley, AL",Metropolitan Statistical Area
Henry County,Illinois,"Davenport-Moline-Rock Island, IA-IL",Metropolitan Statistical Area
Mercer County,Illinois,"Davenport-Moline-Rock Island, IA-IL",Metropolitan Statistical Area
Rock Island County,Illinois,"Davenport-Moline-Rock Island, IA-IL",Metropolitan Statistical Area
Scott County,Iowa,"Davenport-Moline-Rock Island, IA-IL",Metropolitan Statistical Area
Greene County,Ohio,"Dayton-Kettering-Beavercreek, OH",Metropolitan Statistical Area
Miami County,Ohio,"Dayton-Kettering-Beavercreek, OH",Metropolitan Statistical Area
Montgomery County,Ohio,"Dayton-Kettering-Beavercreek, OH",Metropolitan Statistical Area
Lawrence County,Alabama,"Decatur, AL",Metropolitan Statistical Area
Morgan County,Alabama,"Decatur, AL",Metropolitan Statistical Area
Macon County,Illinois,"Decatur, IL",Metropolitan Statistical Area
Adams County,Indiana,"Decatur, IN",Micropolitan Statistical Area
Defiance County,Ohio,"Defiance, OH",Micropolitan Statistical Area
Val Verde County,Texas,"Del Rio, TX",Micropolitan Statistical Area
Flagler County,Florida,"Deltona-Daytona Beach-Ormond Beach, FL",Metropolitan Statistical Area
Volusia County,Florida,"Deltona-Daytona Beach-Ormond Beach, FL",Metropolitan Statistical Area
Luna County,New Mexico,"Deming, NM",Micropolitan Statistical Area
Adams County,Colorado,"Denver-Aurora-Centennial, CO",Metropolitan Statistical Area
Arapahoe County,Colorado,"Denver-Aurora-Centennial, CO",Metropolitan Statistical Area
Broomfield County,Colorado,"Denver-Aurora-Centennial, CO",Metropolitan Statistical Area
Clear Creek County,Colorado,"Denver-Aurora-Centennial, CO",Metropolitan Statistical Area
Denver County,Colorado,"Denver-Aurora-Centennial, CO",Metropolitan Statistical Area
Douglas County,Colorado,"Denver-Aurora-Centennial, CO",Metropolitan Statistical Area
Elbert County,Colorado,"Denver-Aurora-Centennial, CO",Metropolitan Statistical Area
Gilpin County,Colorado,"Denver-Aurora-Centennial, CO",Metropolitan Statistical Area
Jefferson County,Colorado,"Denver-Aurora-Centennial, CO",Metropolitan Statistical Area
Park County,Colorado,"Denver-Aurora-Centennial, CO",Metropolitan Statistical Area
Beauregard Parish,Louisiana,"DeRidder, LA",Micropolitan Statistical Area
Dallas County,Iowa,"Des Moines-West Des Moines, IA",Metropolitan Statistical Area
Guthrie County,Iowa,"Des Moines-West Des Moines, IA",Metropolitan Statistical Area
Jasper County,Iowa,"Des Moines-West Des Moines, IA",Metropolitan Statistical Area
Madison County,Iowa,"Des Moines-West Des Moines, IA",Metropolitan Statistical Area
Polk County,Iowa,"Des Moines-West Des Moines, IA",Metropolitan Statistical Area
Warren County,Iowa,"Des Moines-West Des Moines, IA",Metropolitan Statistical Area
Becker County,Minnesota,"Detroit Lakes, MN",Micropolitan Statistical Area
Wayne County,Michigan,"Detroit-Warren-Dearborn, MI",Metropolitan Statistical Area
Lapeer County,Michigan,"Detroit-Warren-Dearborn, MI",Metropolitan Statistical Area
Livingston County,Michigan,"Detroit-Warren-Dearborn, MI",Metropolitan Statistical Area
Macomb County,Michigan,"Detroit-Warren-Dearborn, MI",Metropolitan Statistical Area
Oakland County,Michigan,"Detroit-Warren-Dearborn, MI",Metropolitan Statistical Area
St. Clair County,Michigan,"Detroit-Warren-Dearborn, MI",Metropolitan Statistical Area
Billings County,North Dakota,"Dickinson, ND",Micropolitan Statistical Area
Dunn County,North Dakota,"Dickinson, ND",Micropolitan Statistical Area
Stark County,North Dakota,"Dickinson, ND",Micropolitan Statistical Area
Lee County,Illinois,"Dixon, IL",Micropolitan Statistical Area
Ford County,Kansas,"Dodge City, KS",Micropolitan Statistical Area
Geneva County,Alabama,"Dothan, AL",Metropolitan Statistical Area
Henry County,Alabama,"Dothan, AL",Metropolitan Statistical Area
Houston County,Alabama,"Dothan, AL",Metropolitan Statistical Area
Atkinson County,Georgia,"Douglas, GA",Micropolitan Statistical Area
Coffee County,Georgia,"Douglas, GA",Micropolitan Statistical Area
Kent County,Delaware,"Dover, DE",Metropolitan Statistical Area
Johnson County,Georgia,"Dublin, GA",Micropolitan Statistical Area
Laurens County,Georgia,"Dublin, GA",Micropolitan Statistical Area
Clearfield County,Pennsylvania,"DuBois, PA",Micropolitan Statistical Area
Dubuque County,Iowa,"Dubuque, IA",Metropolitan Statistical Area
Carlton County,Minnesota,"Duluth, MN-WI",Metropolitan Statistical Area
St. Louis County,Minnesota,"Duluth, MN-WI",Metropolitan Statistical Area
Douglas County,Wisconsin,"Duluth, MN-WI",Metropolitan Statistical Area
Moore County,Texas,"Dumas, TX",Micropolitan Statistical Area
Stephens County,Oklahoma,"Duncan, OK",Micropolitan Statistical Area
La Plata County,Colorado,"Durango, CO",Micropolitan Statistical Area
Bryan County,Oklahoma,"Durant, OK",Micropolitan Statistical Area
Chatham County,North Carolina,"Durham-Chapel Hill, NC",Metropolitan Statistical Area
Durham County,North Carolina,"Durham-Chapel Hill, NC",Metropolitan Statistical Area
Orange County,North Carolina,"Durham-Chapel Hill, NC",Metropolitan Statistical Area
Person County,North Carolina,"Durham-Chapel Hill, NC",Metropolitan Statistical Area
Dyer County,Tennessee,"Dyersburg, TN",Micropolitan Statistical Area
Maverick County,Texas,"Eagle Pass, TX",Metropolitan Statistical Area
Talbot County,Maryland,"Easton, MD",Micropolitan Statistical Area
Monroe County,Pennsylvania,"East Stroudsburg, PA",Micropolitan Statistical Area
Chippewa County,Wisconsin,"Eau Claire, WI",Metropolitan Statistical Area
Eau Claire County,Wisconsin,"Eau Claire, WI",Metropolitan Statistical Area
Eagle County,Colorado,"Edwards, CO",Micropolitan Statistical Area
Cumberland County,Illinois,"Effingham, IL",Micropolitan Statistical Area
Effingham County,Illinois,"Effingham, IL",Micropolitan Statistical Area
Wharton County,Texas,"El Campo, TX",Micropolitan Statistical Area
Imperial County,California,"El Centro, CA",Metropolitan Statistical Area
Union County,Arkansas,"El Dorado, AR",Micropolitan Statistical Area
Pasquotank County,North Carolina,"Elizabeth City, NC",Micropolitan Statistical Area
Hardin County,Kentucky,"Elizabethtown, KY",Metropolitan Statistical Area
Larue County,Kentucky,"Elizabethtown, KY",Metropolitan Statistical Area
Beckham County,Oklahoma,"Elk City, OK",Micropolitan Statistical Area
Elkhart County,Indiana,"Elkhart-Goshen, IN",Metropolitan Statistical Area
Randolph County,West Virginia,"Elkins, WV",Micropolitan Statistical Area
Elko County,Nevada,"Elko, NV",Micropolitan Statistical Area
Eureka County,Nevada,"Elko, NV",Micropolitan Statistical Area
Kittitas County,Washington,"Ellensburg, WA",Micropolitan Statistical Area
Chemung County,New York,"Elmira, NY",Metropolitan Statistical Area
El Paso County,Texas,"El Paso, TX",Metropolitan Statistical Area
Hudspeth County,Texas,"El Paso, TX",Metropolitan Statistical Area
Chase County,Kansas,"Emporia, KS",Micropolitan Statistical Area
Lyon County,Kansas,"Emporia, KS",Micropolitan Statistical Area
Garfield County,Oklahoma,"Enid, OK",Metropolitan Statistical Area
Coffee County,Alabama,"Enterprise, AL",Micropolitan Statistical Area
Erie County,Pennsylvania,"Erie, PA",Metropolitan Statistical Area
Delta County,Michigan,"Escanaba, MI",Micropolitan Statistical Area
Rio Arriba County,New Mexico,"Española, NM",Micropolitan Statistical Area
Barbour County,Alabama,"Eufaula, AL-GA",Micropolitan Statistical Area
Quitman County,Georgia,"Eufaula, AL-GA",Micropolitan Statistical Area
Lane County,Oregon,"Eugene-Springfield, OR",Metropolitan Statistical Area
Humboldt County,California,"Eureka-Arcata, CA",Micropolitan Statistical Area
Rich County,Utah,"Evanston, WY-UT",Micropolitan Statistical Area
Uinta County,Wyoming,"Evanston, WY-UT",Micropolitan Statistical Area
Posey County,Indiana,"Evansville, IN",Metropolitan Statistical Area
Vanderburgh County,Indiana,"Evansville, IN",Metropolitan Statistical Area
Warrick County,Indiana,"Evansville, IN",Metropolitan Statistical Area
Fairbanks North Star Borough,Alaska,"Fairbanks-College, AK",Metropolitan Statistical Area
Martin County,Minnesota,"Fairmont, MN",Micropolitan Statistical Area
Marion County,West Virginia,"Fairmont, WV",Micropolitan Statistical Area
Churchill County,Nevada,"Fallon, NV",Micropolitan Statistical Area
Clay County,Minnesota,"Fargo, ND-MN",Metropolitan Statistical Area
Cass County,North Dakota,"Fargo, ND-MN",Metropolitan Statistical Area
Rice County,Minnesota,"Faribault-Northfield, MN",Micropolitan Statistical Area
St. Francois County,Missouri,"Farmington, MO",Micropolitan Statistical Area
San Juan County,New Mexico,"Farmington, NM",Metropolitan Statistical Area
Cumberland County,North Carolina,"Fayetteville, NC",Metropolitan Statistical Area
Hoke County,North Carolina,"Fayetteville, NC",Metropolitan Statistical Area
Lincoln County,Tennessee,"Fayetteville, TN",Micropolitan Statistical Area
Benton County,Arkansas,"Fayetteville-Springdale-Rogers, AR",Metropolitan Statistical Area
Madison County,Arkansas,"Fayetteville-Springdale-Rogers, AR",Metropolitan Statistical Area
Washington County,Arkansas,"Fayetteville-Springdale-Rogers, AR",Metropolitan Statistical Area
Otter Tail County,Minnesota,"Fergus Falls, MN",Micropolitan Statistical Area
Hancock County,Ohio,"Findlay, OH",Micropolitan Statistical Area
Ben Hill County,Georgia,"Fitzgerald, GA",Micropolitan Statistical Area
Coconino County,Arizona,"Flagstaff, AZ",Metropolitan Statistical Area
Genesee County,Michigan,"Flint, MI",Metropolitan Statistical Area
Darlington County,South Carolina,"Florence, SC",Metropolitan Statistical Area
Florence County,South Carolina,"Florence, SC",Metropolitan Statistical Area
Colbert County,Alabama,"Florence-Muscle Shoals, AL",Metropolitan Statistical Area
Lauderdale County,Alabama,"Florence-Muscle Shoals, AL",Metropolitan Statistical Area
Fond du Lac County,Wisconsin,"Fond du Lac, WI",Metropolitan Statistical Area
Rutherford County,North Carolina,"Forest City, NC",Micropolitan Statistical Area
St. Francis County,Arkansas,"Forrest City, AR",Micropolitan Statistical Area
Larimer County,Colorado,"Fort Collins-Loveland, CO",Metropolitan Statistical Area
Webster County,Iowa,"Fort Dodge, IA",Micropolitan Statistical Area
Pulaski County,Missouri,"Fort Leonard Wood, MO",Micropolitan Statistical Area
Lee County,Iowa,"Fort Madison, IA",Micropolitan Statistical Area
Morgan County,Colorado,"Fort Morgan, CO",Micropolitan Statistical Area
DeKalb County,Alabama,"Fort Payne, AL",Micropolitan Statistical Area
Crawford County,Arkansas,"Fort Smith, AR-OK",Metropolitan Statistical Area
Sebastian County,Arkansas,"Fort Smith, AR-OK",Metropolitan Statistical Area
Sequoyah County,Oklahoma,"Fort Smith, AR-OK",Metropolitan Statistical Area
Allen County,Indiana,"Fort Wayne, IN",Metropolitan Statistical Area
Wells County,Indiana,"Fort Wayne, IN",Metropolitan Statistical Area
Whitley County,Indiana,"Fort Wayne, IN",Metropolitan Statistical Area
Clinton County,Indiana,"Frankfort, IN",Micropolitan Statistical Area
Anderson County,Kentucky,"Frankfort, KY",Micropolitan Statistical Area
Franklin County,Kentucky,"Frankfort, KY",Micropolitan Statistical Area
Simpson County,Kentucky,"Franklin, KY",Micropolitan Statistical Area
Gillespie County,Texas,"Fredericksburg, TX",Micropolitan Statistical Area
Stephenson County,Illinois,"Freeport, IL",Micropolitan Statistical Area
Dodge County,Nebraska,"Fremont, NE",Micropolitan Statistical Area
Sandusky County,Ohio,"Fremont, OH",Micropolitan Statistical Area
Fresno County,California,"Fresno, CA",Metropolitan Statistical Area
Madera County,California,"Fresno, CA",Metropolitan Statistical Area
Etowah County,Alabama,"Gadsden, AL",Metropolitan Statistical Area
Cherokee County,South Carolina,"Gaffney, SC",Micropolitan Statistical Area
Alachua County,Florida,"Gainesville, FL",Metropolitan Statistical Area
Gilchrist County,Florida,"Gainesville, FL",Metropolitan Statistical Area
Levy County,Florida,"Gainesville, FL",Metropolitan Statistical Area
Hall County,Georgia,"Gainesville, GA",Metropolitan Statistical Area
Cooke County,Texas,"Gainesville, TX",Micropolitan Statistical Area
Knox County,Illinois,"Galesburg, IL",Micropolitan Statistical Area
Gallia County,Ohio,"Gallipolis, OH",Micropolitan Statistical Area
McKinley County,New Mexico,"Gallup, NM",Micropolitan Statistical Area
Finney County,Kansas,"Garden City, KS",Micropolitan Statistical Area
Alpine County,California,"Gardnerville Ranchos, NV-CA",Micropolitan Statistical Area
Douglas County,Nevada,"Gardnerville Ranchos, NV-CA",Micropolitan Statistical Area
Adams County,Pennsylvania,"Gettysburg, PA",Metropolitan Statistical Area
Campbell County,Wyoming,"Gillette, WY",Micropolitan Statistical Area
Barren County,Kentucky,"Glasgow, KY",Micropolitan Statistical Area
Metcalfe County,Kentucky,"Glasgow, KY",Micropolitan Statistical Area
Warren County,New York,"Glens Falls, NY",Metropolitan Statistical Area
Washington County,New York,"Glens Falls, NY",Metropolitan Statistical Area
Fulton County,New York,"Gloversville, NY",Micropolitan Statistical Area
Wayne County,North Carolina,"Goldsboro, NC",Metropolitan Statistical Area
Hood County,Texas,"Granbury, TX",Micropolitan Statistical Area
Polk County,Minnesota,"Grand Forks, ND-MN",Metropolitan Statistical Area
Grand Forks County,North Dakota,"Grand Forks, ND-MN",Metropolitan Statistical Area
Hall County,Nebraska,"Grand Island, NE",Metropolitan Statistical Area
Howard County,Nebraska,"Grand Island, NE",Metropolitan Statistical Area
Merrick County,Nebraska,"Grand Island, NE",Metropolitan Statistical Area
Mesa County,Colorado,"Grand Junction, CO",Metropolitan Statistical Area
Itasca County,Minnesota,"Grand Rapids, MN",Micropolitan Statistical Area
Barry County,Michigan,"Grand Rapids-Wyoming-Kentwood, MI",Metropolitan Statistical Area
Ionia County,Michigan,"Grand Rapids-Wyoming-Kentwood, MI",Metropolitan Statistical Area
Kent County,Michigan,"Grand Rapids-Wyoming-Kentwood, MI",Metropolitan Statistical Area
Montcalm County,Michigan,"Grand Rapids-Wyoming-Kentwood, MI",Metropolitan Statistical Area
Ottawa County,Michigan,"Grand Rapids-Wyoming-Kentwood, MI",Metropolitan Statistical Area
Josephine County,Oregon,"Grants Pass, OR",Metropolitan Statistical Area
Barton County,Kansas,"Great Bend, KS",Micropolitan Statistical Area
Cascade County,Montana,"Great Falls, MT",Metropolitan Statistical Area
Weld County,Colorado,"Greeley, CO",Metropolitan Statistical Area
Brown County,Wisconsin,"Green Bay, WI",Metropolitan Statistical Area
Kewaunee County,Wisconsin,"Green Bay, WI",Metropolitan Statistical Area
Oconto County,Wisconsin,"Green Bay, WI",Metropolitan Statistical Area
Putnam County,Indiana,"Greencastle, IN",Micropolitan Statistical Area
Greene County,Tennessee,"Greeneville, TN",Micropolitan Statistical Area
Franklin County,Massachusetts,"Greenfield, MA",Micropolitan Statistical Area
Guilford County,North Carolina,"Greensboro-High Point, NC",Metropolitan Statistical Area
Randolph County,North Carolina,"Greensboro-High Point, NC",Metropolitan Statistical Area
Rockingham County,North Carolina,"Greensboro-High Point, NC",Metropolitan Statistical Area
Decatur County,Indiana,"Greensburg, IN",Micropolitan Statistical Area
Washington County,Mississippi,"Greenville, MS",Micropolitan Statistical Area
Pitt County,North Carolina,"Greenville, NC",Metropolitan Statistical Area
Darke County,Ohio,"Greenville, OH",Micropolitan Statistical Area
Anderson County,South Carolina,"Greenville-Anderson-Greer, SC",Metropolitan Statistical Area
Greenville County,South Carolina,"Greenville-Anderson-Greer, SC",Metropolitan Statistical Area
Laurens County,South Carolina,"Greenville-Anderson-Greer, SC",Metropolitan Statistical Area
Pickens County,South Carolina,"Greenville-Anderson-Greer, SC",Metropolitan Statistical Area
Carroll County,Mississippi,"Greenwood, MS",Micropolitan Statistical Area
Leflore County,Mississippi,"Greenwood, MS",Micropolitan Statistical Area
Abbeville County,South Carolina,"Greenwood, SC",Micropolitan Statistical Area
Greenwood County,South Carolina,"Greenwood, SC",Micropolitan Statistical Area
Grenada County,Mississippi,"Grenada, MS",Micropolitan Statistical Area
Montgomery County,Mississippi,"Grenada, MS",Micropolitan Statistical Area
Arroyo Municipio,Puerto Rico,"Guayama, PR",Metropolitan Statistical Area
Guayama Municipio,Puerto Rico,"Guayama, PR",Metropolitan Statistical Area
Patillas Municipio,Puerto Rico,"Guayama, PR",Metropolitan Statistical Area
Hancock County,Mississippi,"Gulfport-Biloxi, MS",Metropolitan Statistical Area
Harrison County,Mississippi,"Gulfport-Biloxi, MS",Metropolitan Statistical Area
Jackson County,Mississippi,"Gulfport-Biloxi, MS",Metropolitan Statistical Area
Stone County,Mississippi,"Gulfport-Biloxi, MS",Metropolitan Statistical Area
Texas County,Oklahoma,"Guymon, OK",Micropolitan Statistical Area
Washington County,Maryland,"Hagerstown-Martinsburg, MD-WV",Metropolitan Statistical Area
Berkeley County,West Virginia,"Hagerstown-Martinsburg, MD-WV",Metropolitan Statistical Area
Morgan County,West Virginia,"Hagerstown-Martinsburg, MD-WV",Metropolitan Statistical Area
Blaine County,Idaho,"Hailey, ID",Micropolitan Statistical Area
Camas County,Idaho,"Hailey, ID",Micropolitan Statistical Area
Lincoln County,Idaho,"Hailey, ID",Micropolitan Statistical Area
Tangipahoa Parish,Louisiana,"Hammond, LA",Metropolitan Statistical Area
Kings County,California,"Hanford-Corcoran, CA",Metropolitan Statistical Area
Marion County,Missouri,"Hannibal, MO",Micropolitan Statistical Area
Ralls County,Missouri,"Hannibal, MO",Micropolitan Statistical Area
Cumberland County,Pennsylvania,"Harrisburg-Carlisle, PA",Metropolitan Statistical Area
Dauphin County,Pennsylvania,"Harrisburg-Carlisle, PA",Metropolitan Statistical Area
Perry County,Pennsylvania,"Harrisburg-Carlisle, PA",Metropolitan Statistical Area
Boone County,Arkansas,"Harrison, AR",Micropolitan Statistical Area
Newton County,Arkansas,"Harrison, AR",Micropolitan Statistical Area
Rockingham County,Virginia,"Harrisonburg, VA",Metropolitan Statistical Area
Harrisonburg city,Virginia,"Harrisonburg, VA",Metropolitan Statistical Area
Capitol Planning Region,Connecticut,"Hartford-West Hartford-East Hartford, CT",Metropolitan Statistical Area
Lower Connecticut River Valley Planning Region,Connecticut,"Hartford-West Hartford-East Hartford, CT",Metropolitan Statistical Area
Adams County,Nebraska,"Hastings, NE",Micropolitan Statistical Area
Clay County,Nebraska,"Hastings, NE",Micropolitan Statistical Area
Webster County,Nebraska,"Hastings, NE",Micropolitan Statistical Area
Forrest County,Mississippi,"Hattiesburg, MS",Metropolitan Statistical Area
Lamar County,Mississippi,"Hattiesburg, MS",Metropolitan Statistical Area
Perry County,Mississippi,"Hattiesburg, MS",Metropolitan Statistical Area
Ellis County,Kansas,"Hays, KS",Micropolitan Statistical Area
Summit County,Utah,"Heber, UT",Micropolitan Statistical Area
Wasatch County,Utah,"Heber, UT",Micropolitan Statistical Area
Broadwater County,Montana,"Helena, MT",Metropolitan Statistical Area
Jefferson County,Montana,"Helena, MT",Metropolitan Statistical Area
Lewis and Clark County,Montana,"Helena, MT",Metropolitan Statistical Area
Pike County,Pennsylvania,"Hemlock Farms, PA",Micropolitan Statistical Area
Henderson County,Kentucky,"Henderson, KY",Micropolitan Statistical Area
Webster County,Kentucky,"Henderson, KY",Micropolitan Statistical Area
Vance County,North Carolina,"Henderson, NC",Micropolitan Statistical Area
Deaf Smith County,Texas,"Hereford, TX",Micropolitan Statistical Area
Morrow County,Oregon,"Hermiston-Pendleton, OR",Micropolitan Statistical Area
Umatilla County,Oregon,"Hermiston-Pendleton, OR",Micropolitan Statistical Area
Mercer County,Pennsylvania,"Hermitage, PA",Micropolitan Statistical Area
Alexander County,North Carolina,"Hickory-Lenoir-Morganton, NC",Metropolitan Statistical Area
Burke County,North Carolina,"Hickory-Lenoir-Morganton, NC",Metropolitan Statistical Area
Caldwell County,North Carolina,"Hickory-Lenoir-Morganton, NC",Metropolitan Statistical Area
Catawba County,North Carolina,"Hickory-Lenoir-Morganton, NC",Metropolitan Statistical Area
Hillsdale County,Michigan,"Hillsdale, MI",Micropolitan Statistical Area
Hawaii County,Hawaii,"Hilo-Kailua, HI",Micropolitan Statistical Area
Beaufort County,South Carolina,"Hilton Head Island-Bluffton-Port Royal, SC",Metropolitan Statistical Area
Jasper County,South Carolina,"Hilton Head Island-Bluffton-Port Royal, SC",Metropolitan Statistical Area
Liberty County,Georgia,"Hinesville, GA",Metropolitan Statistical Area
Long County,Georgia,"Hinesville, GA",Metropolitan Statistical Area
Lea County,New Mexico,"Hobbs, NM",Micropolitan Statistical Area
Allegan County,Michigan,"Holland, MI",Micropolitan Statistical Area
Citrus County,Florida,"Homosassa Springs, FL",Metropolitan Statistical Area
Hood River County,Oregon,"Hood River, OR",Micropolitan Statistical Area
Garland County,Arkansas,"Hot Springs, AR",Metropolitan Statistical Area
Houghton County,Michigan,"Houghton, MI",Micropolitan Statistical Area
Keweenaw County,Michigan,"Houghton, MI",Micropolitan Statistical Area
Lafourche Parish,Louisiana,"Houma-Bayou Cane-Thibodaux, LA",Metropolitan Statistical Area
Terrebonne Parish,Louisiana,"Houma-Bayou Cane-Thibodaux, LA",Metropolitan Statistical Area
Austin County,Texas,"Houston-Pasadena-The Woodlands, TX",Metropolitan Statistical Area
Brazoria County,Texas,"Houston-Pasadena-The Woodlands, TX",Metropolitan Statistical Area
Chambers County,Texas,"Houston-Pasadena-The Woodlands, TX",Metropolitan Statistical Area
Fort Bend County,Texas,"Houston-Pasadena-The Woodlands, TX",Metropolitan Statistical Area
Galveston County,Texas,"Houston-Pasadena-The Woodlands, TX",Metropolitan Statistical Area
Harris County,Texas,"Houston-Pasadena-The Woodlands, TX",Metropolitan Statistical Area
Liberty County,Texas,"Houston-Pasadena-The Woodlands, TX",Metropolitan Statistical Area
Montgomery County,Texas,"Houston-Pasadena-The Woodlands, TX",Metropolitan Statistical Area
San Jacinto County,Texas,"Houston-Pasadena-The Woodlands, TX",Metropolitan Statistical Area
Waller County,Texas,"Houston-Pasadena-The Woodlands, TX",Metropolitan Statistical Area
Columbia County,New York,"Hudson, NY",Micropolitan Statistical Area
Huntingdon County,Pennsylvania,"Huntingdon, PA",Micropolitan Statistical Area
Huntington County,Indiana,"Huntington, IN",Micropolitan Statistical Area
Boyd County,Kentucky,"Huntington-Ashland, WV-KY-OH",Metropolitan Statistical Area
Carter County,Kentucky,"Huntington-Ashland, WV-KY-OH",Metropolitan Statistical Area
Greenup County,Kentucky,"Huntington-Ashland, WV-KY-OH",Metropolitan Statistical Area
Lawrence County,Kentucky,"Huntington-Ashland, WV-KY-OH",Metropolitan Statistical Area
Lawrence County,Ohio,"Huntington-Ashland, WV-KY-OH",Metropolitan Statistical Area
Cabell County,West Virginia,"Huntington-Ashland, WV-KY-OH",Metropolitan Statistical Area
Putnam County,West Virginia,"Huntington-Ashland, WV-KY-OH",Metropolitan Statistical Area
Wayne County,West Virginia,"Huntington-Ashland, WV-KY-OH",Metropolitan Statistical Area
Limestone County,Alabama,"Huntsville, AL",Metropolitan Statistical Area
Madison County,Alabama,"Huntsville, AL",Metropolitan Statistical Area
Walker County,Texas,"Huntsville, TX",Micropolitan Statistical Area
Beadle County,South Dakota,"Huron, SD",Micropolitan Statistical Area
Reno County,Kansas,"Hutchinson, KS",Micropolitan Statistical Area
McLeod County,Minnesota,"Hutchinson, MN",Micropolitan Statistical Area
Bonneville County,Idaho,"Idaho Falls, ID",Metropolitan Statistical Area
Butte County,Idaho,"Idaho Falls, ID",Metropolitan Statistical Area
Jefferson County,Idaho,"Idaho Falls, ID",Metropolitan Statistical Area
Indiana County,Pennsylvania,"Indiana, PA",Micropolitan Statistical Area
Boone County,Indiana,"Indianapolis-Carmel-Greenwood, IN",Metropolitan Statistical Area
Brown County,Indiana,"Indianapolis-Carmel-Greenwood, IN",Metropolitan Statistical Area
Hamilton County,Indiana,"Indianapolis-Carmel-Greenwood, IN",Metropolitan Statistical Area
Hancock County,Indiana,"Indianapolis-Carmel-Greenwood, IN",Metropolitan Statistical Area
Hendricks County,Indiana,"Indianapolis-Carmel-Greenwood, IN",Metropolitan Statistical Area
Johnson County,Indiana,"Indianapolis-Carmel-Greenwood, IN",Metropolitan Statistical Area
Madison County,Indiana,"Indianapolis-Carmel-Greenwood, IN",Metropolitan Statistical Area
Marion County,Indiana,"Indianapolis-Carmel-Greenwood, IN",Metropolitan Statistical Area
Morgan County,Indiana,"Indianapolis-Carmel-Greenwood, IN",Metropolitan Statistical Area
Shelby County,Indiana,"Indianapolis-Carmel-Greenwood, IN",Metropolitan Statistical Area
Tipton County,Indiana,"Indianapolis-Carmel-Greenwood, IN",Metropolitan Statistical Area
Johnson County,Iowa,"Iowa City, IA",Metropolitan Statistical Area
Washington County,Iowa,"Iowa City, IA",Metropolitan Statistical Area
Dickinson County,Michigan,"Iron Mountain, MI-WI",Micropolitan Statistical Area
Florence County,Wisconsin,"Iron Mountain, MI-WI",Micropolitan Statistical Area
Tompkins County,New York,"Ithaca, NY",Metropolitan Statistical Area
Jackson County,Michigan,"Jackson, MI",Metropolitan Statistical Area
Copiah County,Mississippi,"Jackson, MS",Metropolitan Statistical Area
Hinds County,Mississippi,"Jackson, MS",Metropolitan Statistical Area
Holmes County,Mississippi,"Jackson, MS",Metropolitan Statistical Area
Madison County,Mississippi,"Jackson, MS",Metropolitan Statistical Area
Rankin County,Mississippi,"Jackson, MS",Metropolitan Statistical Area
Scott County,Mississippi,"Jackson, MS",Metropolitan Statistical Area
Simpson County,Mississippi,"Jackson, MS",Metropolitan Statistical Area
Yazoo County,Mississippi,"Jackson, MS",Metropolitan Statistical Area
Chester County,Tennessee,"Jackson, TN",Metropolitan Statistical Area
Crockett County,Tennessee,"Jackson, TN",Metropolitan Statistical Area
Gibson County,Tennessee,"Jackson, TN",Metropolitan Statistical Area
Madison County,Tennessee,"Jackson, TN",Metropolitan Statistical Area
Teton County,Idaho,"Jackson, WY-ID",Micropolitan Statistical Area
Teton County,Wyoming,"Jackson, WY-ID",Micropolitan Statistical Area
Baker County,Florida,"Jacksonville, FL",Metropolitan Statistical Area
Clay County,Florida,"Jacksonville, FL",Metropolitan Statistical Area
Duval County,Florida,"Jacksonville, FL",Metropolitan Statistical Area
Nassau County,Florida,"Jacksonville, FL",Metropolitan Statistical Area
St. Johns County,Florida,"Jacksonville, FL",Metropolitan Statistical Area
Morgan County,Illinois,"Jacksonville, IL",Micropolitan Statistical Area
Scott County,Illinois,"Jacksonville, IL",Micropolitan Statistical Area
Onslow County,North Carolina,"Jacksonville, NC",Metropolitan Statistical Area
Cherokee County,Texas,"Jacksonville, TX",Micropolitan Statistical Area
Stutsman County,North Dakota,"Jamestown, ND",Micropolitan Statistical Area
Chautauqua County,New York,"Jamestown-Dunkirk, NY",Micropolitan Statistical Area
Rock County,Wisconsin,"Janesville-Beloit, WI",Metropolitan Statistical Area
Dubois County,Indiana,"Jasper, IN",Micropolitan Statistical Area
Jackson County,Georgia,"Jefferson, GA",Micropolitan Statistical Area
Callaway County,Missouri,"Jefferson City, MO",Metropolitan Statistical Area
Cole County,Missouri,"Jefferson City, MO",Metropolitan Statistical Area
Moniteau County,Missouri,"Jefferson City, MO",Metropolitan Statistical Area
Osage County,Missouri,"Jefferson City, MO",Metropolitan Statistical Area
Wayne County,Georgia,"Jesup, GA",Micropolitan Statistical Area
Carter County,Tennessee,"Johnson City, TN",Metropolitan Statistical Area
Unicoi County,Tennessee,"Johnson City, TN",Metropolitan Statistical Area
Washington County,Tennessee,"Johnson City, TN",Metropolitan Statistical Area
Cambria County,Pennsylvania,"Johnstown, PA",Metropolitan Statistical Area
Craighead County,Arkansas,"Jonesboro, AR",Metropolitan Statistical Area
Poinsett County,Arkansas,"Jonesboro, AR",Metropolitan Statistical Area
Cherokee County,Kansas,"Joplin, MO-KS",Metropolitan Statistical Area
Jasper County,Missouri,"Joplin, MO-KS",Metropolitan Statistical Area
Newton County,Missouri,"Joplin, MO-KS",Metropolitan Statistical Area
Juneau City and Borough,Alaska,"Juneau, AK",Micropolitan Statistical Area
Kalawao County,Hawaii,"Kahului-Wailuku, HI",Metropolitan Statistical Area
Maui County,Hawaii,"Kahului-Wailuku, HI",Metropolitan Statistical Area
Kalamazoo County,Michigan,"Kalamazoo-Portage, MI",Metropolitan Statistical Area
Flathead County,Montana,"Kalispell, MT",Micropolitan Statistical Area
Kankakee County,Illinois,"Kankakee, IL",Metropolitan Statistical Area
Johnson County,Kansas,"Kansas City, MO-KS",Metropolitan Statistical Area
Leavenworth County,Kansas,"Kansas City, MO-KS",Metropolitan Statistical Area
Linn County,Kansas,"Kansas City, MO-KS",Metropolitan Statistical Area
Miami County,Kansas,"Kansas City, MO-KS",Metropolitan Statistical Area
Wyandotte County,Kansas,"Kansas City, MO-KS",Metropolitan Statistical Area
Bates County,Missouri,"Kansas City, MO-KS",Metropolitan Statistical Area
Caldwell County,Missouri,"Kansas City, MO-KS",Metropolitan Statistical Area
Cass County,Missouri,"Kansas City, MO-KS",Metropolitan Statistical Area
Clay County,Missouri,"Kansas City, MO-KS",Metropolitan Statistical Area
Clinton County,Missouri,"Kansas City, MO-KS",Metropolitan Statistical Area
Jackson County,Missouri,"Kansas City, MO-KS",Metropolitan Statistical Area
Lafayette County,Missouri,"Kansas City, MO-KS",Metropolitan Statistical Area
Platte County,Missouri,"Kansas City, MO-KS",Metropolitan Statistical Area
Ray County,Missouri,"Kansas City, MO-KS",Metropolitan Statistical Area
Kauai County,Hawaii,"Kapaa, HI",Micropolitan Statistical Area
Buffalo County,Nebraska,"Kearney, NE",Micropolitan Statistical Area
Kearney County,Nebraska,"Kearney, NE",Micropolitan Statistical Area
Cheshire County,New Hampshire,"Keene, NH",Micropolitan Statistical Area
Noble County,Indiana,"Kendallville, IN",Micropolitan Statistical Area
Dunklin County,Missouri,"Kennett, MO",Micropolitan Statistical Area
Benton County,Washington,"Kennewick-Richland, WA",Metropolitan Statistical Area
Franklin County,Washington,"Kennewick-Richland, WA",Metropolitan Statistical Area
Kenosha County,Wisconsin,"Kenosha, WI",Metropolitan Statistical Area
Kerr County,Texas,"Kerrville, TX",Micropolitan Statistical Area
Ketchikan Gateway Borough,Alaska,"Ketchikan, AK",Micropolitan Statistical Area
Monroe County,Florida,"Key West-Key Largo, FL",Micropolitan Statistical Area
Dare County,North Carolina,"Kill Devil Hills, NC",Micropolitan Statistical Area
Bell County,Texas,"Killeen-Temple, TX",Metropolitan Statistical Area
Coryell County,Texas,"Killeen-Temple, TX",Metropolitan Statistical Area
Lampasas County,Texas,"Killeen-Temple, TX",Metropolitan Statistical Area
Camden County,Georgia,"Kingsland, GA",Micropolitan Statistical Area
Hawkins County,Tennessee,"Kingsport-Bristol, TN-VA",Metropolitan Statistical Area
Sullivan County,Tennessee,"Kingsport-Bristol, TN-VA",Metropolitan Statistical Area
Scott County,Virginia,"Kingsport-Bristol, TN-VA",Metropolitan Statistical Area
Washington County,Virginia,"Kingsport-Bristol, TN-VA",Metropolitan Statistical Area
Bristol city,Virginia,"Kingsport-Bristol, TN-VA",Metropolitan Statistical Area
Ulster County,New York,"Kingston, NY",Metropolitan Statistical Area
Kleberg County,Texas,"Kingsville, TX",Micropolitan Statistical Area
Lenoir County,North Carolina,"Kinston, NC",Micropolitan Statistical Area
Adair County,Missouri,"Kirksville, MO",Micropolitan Statistical Area
Schuyler County,Missouri,"Kirksville, MO",Micropolitan Statistical Area
Dutchess County,New York,"Kiryas Joel-Poughkeepsie-Newburgh, NY",Metropolitan Statistical Area
Orange County,New York,"Kiryas Joel-Poughkeepsie-Newburgh, NY",Metropolitan Statistical Area
Klamath County,Oregon,"Klamath Falls, OR",Micropolitan Statistical Area
Anderson County,Tennessee,"Knoxville, TN",Metropolitan Statistical Area
Blount County,Tennessee,"Knoxville, TN",Metropolitan Statistical Area
Campbell County,Tennessee,"Knoxville, TN",Metropolitan Statistical Area
Grainger County,Tennessee,"Knoxville, TN",Metropolitan Statistical Area
Knox County,Tennessee,"Knoxville, TN",Metropolitan Statistical Area
Loudon County,Tennessee,"Knoxville, TN",Metropolitan Statistical Area
Morgan County,Tennessee,"Knoxville, TN",Metropolitan Statistical Area
Roane County,Tennessee,"Knoxville, TN",Metropolitan Statistical Area
Union County,Tennessee,"Knoxville, TN",Metropolitan Statistical Area
Howard County,Indiana,"Kokomo, IN",Metropolitan Statistical Area
Belknap County,New Hampshire,"Laconia, NH",Micropolitan Statistical Area
Houston County,Minnesota,"La Crosse-Onalaska, WI-MN",Metropolitan Statistical Area
La Crosse County,Wisconsin,"La Crosse-Onalaska, WI-MN",Metropolitan Statistical Area
Vernon County,Wisconsin,"La Crosse-Onalaska, WI-MN",Metropolitan Statistical Area
Acadia Parish,Louisiana,"Lafayette, LA",Metropolitan Statistical Area
Lafayette Parish,Louisiana,"Lafayette, LA",Metropolitan Statistical Area
St. Martin Parish,Louisiana,"Lafayette, LA",Metropolitan Statistical Area
Vermilion Parish,Louisiana,"Lafayette, LA",Metropolitan Statistical Area
Benton County,Indiana,"Lafayette-West Lafayette, IN",Metropolitan Statistical Area
Carroll County,Indiana,"Lafayette-West Lafayette, IN",Metropolitan Statistical Area
Tippecanoe County,Indiana,"Lafayette-West Lafayette, IN",Metropolitan Statistical Area
Warren County,Indiana,"Lafayette-West Lafayette, IN",Metropolitan Statistical Area
Union County,Oregon,"La Grande, OR",Micropolitan Statistical Area
Chambers County,Alabama,"LaGrange, GA-AL",Micropolitan Statistical Area
Troup County,Georgia,"LaGrange, GA-AL",Micropolitan Statistical Area
Calcasieu Parish,Louisiana,"Lake Charles, LA",Metropolitan Statistical Area
Cameron Parish,Louisiana,"Lake Charles, LA",Metropolitan Statistical Area
Jefferson Davis Parish,Louisiana,"Lake Charles, LA",Metropolitan Statistical Area
Columbia County,Florida,"Lake City, FL",Micropolitan Statistical Area
Mohave County,Arizona,"Lake Havasu City-Kingman, AZ",Metropolitan Statistical Area
Polk County,Florida,"Lakeland-Winter Haven, FL",Metropolitan Statistical Area
Orange County,Virginia,"Lake of the Woods, VA",Micropolitan Statistical Area
Lancaster County,Pennsylvania,"Lancaster, PA",Metropolitan Statistical Area
Clinton County,Michigan,"Lansing-East Lansing, MI",Metropolitan Statistical Area
Eaton County,Michigan,"Lansing-East Lansing, MI",Metropolitan Statistical Area
Ingham County,Michigan,"Lansing-East Lansing, MI",Metropolitan Statistical Area
Albany County,Wyoming,"Laramie, WY",Micropolitan Statistical Area
Webb County,Texas,"Laredo, TX",Metropolitan Statistical Area
Lares Municipio,Puerto Rico,"Lares, PR",Micropolitan Statistical Area
Doña Ana County,New Mexico,"Las Cruces, NM",Metropolitan Statistical Area
Mora County,New Mexico,"Las Vegas, NM",Micropolitan Statistical Area
San Miguel County,New Mexico,"Las Vegas, NM",Micropolitan Statistical Area
Clark County,Nevada,"Las Vegas-Henderson-North Las Vegas, NV",Metropolitan Statistical Area
Jasper County,Mississippi,"Laurel, MS",Micropolitan Statistical Area
Jones County,Mississippi,"Laurel, MS",Micropolitan Statistical Area
Scotland County,North Carolina,"Laurinburg, NC",Micropolitan Statistical Area
Douglas County,Kansas,"Lawrence, KS",Metropolitan Statistical Area
Lawrence County,Tennessee,"Lawrenceburg, TN",Micropolitan Statistical Area
Comanche County,Oklahoma,"Lawton, OK",Metropolitan Statistical Area
Cotton County,Oklahoma,"Lawton, OK",Metropolitan Statistical Area
Laclede County,Missouri,"Lebanon, MO",Micropolitan Statistical Area
Lebanon County,Pennsylvania,"Lebanon, PA",Metropolitan Statistical Area
Grafton County,New Hampshire,"Lebanon-Claremont, NH-VT",Micropolitan Statistical Area
Sullivan County,New Hampshire,"Lebanon-Claremont, NH-VT",Micropolitan Statistical Area
Orange County,Vermont,"Lebanon-Claremont, NH-VT",Micropolitan Statistical Area
Windsor County,Vermont,"Lebanon-Claremont, NH-VT",Micropolitan Statistical Area
Plymouth County,Iowa,"Le Mars, IA",Micropolitan Statistical Area
Union County,Pennsylvania,"Lewisburg, PA",Micropolitan Statistical Area
Marshall County,Tennessee,"Lewisburg, TN",Micropolitan Statistical Area
Nez Perce County,Idaho,"Lewiston, ID-WA",Metropolitan Statistical Area
Asotin County,Washington,"Lewiston, ID-WA",Metropolitan Statistical Area
Androscoggin County,Maine,"Lewiston-Auburn, ME",Metropolitan Statistical Area
Mifflin County,Pennsylvania,"Lewistown, PA",Micropolitan Statistical Area
Dawson County,Nebraska,"Lexington, NE",Micropolitan Statistical Area
Gosper County,Nebraska,"Lexington, NE",Micropolitan Statistical Area
Bourbon County,Kentucky,"Lexington-Fayette, KY",Metropolitan Statistical Area
Clark County,Kentucky,"Lexington-Fayette, KY",Metropolitan Statistical Area
Fayette County,Kentucky,"Lexington-Fayette, KY",Metropolitan Statistical Area
Jessamine County,Kentucky,"Lexington-Fayette, KY",Metropolitan Statistical Area
Scott County,Kentucky,"Lexington-Fayette, KY",Metropolitan Statistical Area
Woodford County,Kentucky,"Lexington-Fayette, KY",Metropolitan Statistical Area
Calvert County,Maryland,"Lexington Park, MD",Metropolitan Statistical Area
St. Mary's County,Maryland,"Lexington Park, MD",Metropolitan Statistical Area
Seward County,Kansas,"Liberal, KS",Micropolitan Statistical Area
Allen County,Ohio,"Lima, OH",Metropolitan Statistical Area
Logan County,Illinois,"Lincoln, IL",Micropolitan Statistical Area
Lancaster County,Nebraska,"Lincoln, NE",Metropolitan Statistical Area
Seward County,Nebraska,"Lincoln, NE",Metropolitan Statistical Area
Faulkner County,Arkansas,"Little Rock-North Little Rock-Conway, AR",Metropolitan Statistical Area
Grant County,Arkansas,"Little Rock-North Little Rock-Conway, AR",Metropolitan Statistical Area
Lonoke County,Arkansas,"Little Rock-North Little Rock-Conway, AR",Metropolitan Statistical Area
Perry County,Arkansas,"Little Rock-North Little Rock-Conway, AR",Metropolitan Statistical Area
Pulaski County,Arkansas,"Little Rock-North Little Rock-Conway, AR",Metropolitan Statistical Area
Saline County,Arkansas,"Little Rock-North Little Rock-Conway, AR",Metropolitan Statistical Area
Clinton County,Pennsylvania,"Lock Haven, PA",Micropolitan Statistical Area
Franklin County,Idaho,"Logan, UT-ID",Metropolitan Statistical Area
Cache County,Utah,"Logan, UT-ID",Metropolitan Statistical Area
Cass County,Indiana,"Logansport, IN",Micropolitan Statistical Area
Gregg County,Texas,"Longview, TX",Metropolitan Statistical Area
Harrison County,Texas,"Longview, TX",Metropolitan Statistical Area
Rusk County,Texas,"Longview, TX",Metropolitan Statistical Area
Upshur County,Texas,"Longview, TX",Metropolitan Statistical Area
Cowlitz County,Washington,"Longview-Kelso, WA",Metropolitan Statistical Area
Los Alamos County,New Mexico,"Los Alamos, NM",Micropolitan Statistical Area
Orange County,California,"Los Angeles-Long Beach-Anaheim, CA",Metropolitan Statistical Area
Los Angeles County,California,"Los Angeles-Long Beach-Anaheim, CA",Metropolitan Statistical Area
Clark County,Indiana,"Louisville/Jefferson County, KY-IN",Metropolitan Statistical Area
Floyd County,Indiana,"Louisville/Jefferson County, KY-IN",Metropolitan Statistical Area
Harrison County,Indiana,"Louisville/Jefferson County, KY-IN",Metropolitan Statistical Area
Washington County,Indiana,"Louisville/Jefferson County, KY-IN",Metropolitan Statistical Area
Bullitt County,Kentucky,"Louisville/Jefferson County, KY-IN",Metropolitan Statistical Area
Henry County,Kentucky,"Louisville/Jefferson County, KY-IN",Metropolitan Statistical Area
Jefferson County,Kentucky,"Louisville/Jefferson County, KY-IN",Metropolitan Statistical Area
Meade County,Kentucky,"Louisville/Jefferson County, KY-IN",Metropolitan Statistical Area
Nelson County,Kentucky,"Louisville/Jefferson County, KY-IN",Metropolitan Statistical Area
Oldham County,Kentucky,"Louisville/Jefferson County, KY-IN",Metropolitan Statistical Area
Shelby County,Kentucky,"Louisville/Jefferson County, KY-IN",Metropolitan Statistical Area
Spencer County,Kentucky,"Louisville/Jefferson County, KY-IN",Metropolitan Statistical Area
Cochran County,Texas,"Lubbock, TX",Metropolitan Statistical Area
Crosby County,Texas,"Lubbock, TX",Metropolitan Statistical Area
Garza County,Texas,"Lubbock, TX",Metropolitan Statistical Area
Hockley County,Texas,"Lubbock, TX",Metropolitan Statistical Area
Lubbock County,Texas,"Lubbock, TX",Metropolitan Statistical Area
Lynn County,Texas,"Lubbock, TX",Metropolitan Statistical Area
Mason County,Michigan,"Ludington, MI",Micropolitan Statistical Area
Angelina County,Texas,"Lufkin, TX",Micropolitan Statistical Area
Robeson County,North Carolina,"Lumberton, NC",Micropolitan Statistical Area
Amherst County,Virginia,"Lynchburg, VA",Metropolitan Statistical Area
Appomattox County,Virginia,"Lynchburg, VA",Metropolitan Statistical Area
Bedford County,Virginia,"Lynchburg, VA",Metropolitan Statistical Area
Campbell County,Virginia,"Lynchburg, VA",Metropolitan Statistical Area
Lynchburg city,Virginia,"Lynchburg, VA",Metropolitan Statistical Area
McDonough County,Illinois,"Macomb, IL",Micropolitan Statistical Area
Bibb County,Georgia,"Macon-Bibb County, GA",Metropolitan Statistical Area
Crawford County,Georgia,"Macon-Bibb County, GA",Metropolitan Statistical Area
Jones County,Georgia,"Macon-Bibb County, GA",Metropolitan Statistical Area
Monroe County,Georgia,"Macon-Bibb County, GA",Metropolitan Statistical Area
Twiggs County,Georgia,"Macon-Bibb County, GA",Metropolitan Statistical Area
Jefferson County,Indiana,"Madison, IN",Micropolitan Statistical Area
Columbia County,Wisconsin,"Madison, WI",Metropolitan Statistical Area
Dane County,Wisconsin,"Madison, WI",Metropolitan Statistical Area
Green County,Wisconsin,"Madison, WI",Metropolitan Statistical Area
Iowa County,Wisconsin,"Madison, WI",Metropolitan Statistical Area
Hopkins County,Kentucky,"Madisonville, KY",Micropolitan Statistical Area
Columbia County,Arkansas,"Magnolia, AR",Micropolitan Statistical Area
Hot Spring County,Arkansas,"Malvern, AR",Micropolitan Statistical Area
Hillsborough County,New Hampshire,"Manchester-Nashua, NH",Metropolitan Statistical Area
Geary County,Kansas,"Manhattan, KS",Metropolitan Statistical Area
Pottawatomie County,Kansas,"Manhattan, KS",Metropolitan Statistical Area
Riley County,Kansas,"Manhattan, KS",Metropolitan Statistical Area
Manitowoc County,Wisconsin,"Manitowoc, WI",Micropolitan Statistical Area
Blue Earth County,Minnesota,"Mankato, MN",Metropolitan Statistical Area
Nicollet County,Minnesota,"Mankato, MN",Metropolitan Statistical Area
Richland County,Ohio,"Mansfield, OH",Metropolitan Statistical Area
Washington County,Ohio,"Marietta, OH",Micropolitan Statistical Area
Menominee County,Michigan,"Marinette, WI-MI",Micropolitan Statistical Area
Marinette County,Wisconsin,"Marinette, WI-MI",Micropolitan Statistical Area
Grant County,Indiana,"Marion, IN",Micropolitan Statistical Area
McDowell County,North Carolina,"Marion, NC",Micropolitan Statistical Area
Marion County,Ohio,"Marion, OH",Micropolitan Statistical Area
Williamson County,Illinois,"Marion-Herrin, IL",Micropolitan Statistical Area
Marquette County,Michigan,"Marquette, MI",Micropolitan Statistical Area
Lyon County,Minnesota,"Marshall, MN",Micropolitan Statistical Area
Saline County,Missouri,"Marshall, MO",Micropolitan Statistical Area
Marshall County,Iowa,"Marshalltown, IA",Micropolitan Statistical Area
Weakley County,Tennessee,"Martin, TN",Micropolitan Statistical Area
Henry County,Virginia,"Martinsville, VA",Micropolitan Statistical Area
Martinsville city,Virginia,"Martinsville, VA",Micropolitan Statistical Area
Nodaway County,Missouri,"Maryville, MO",Micropolitan Statistical Area
Cerro Gordo County,Iowa,"Mason City, IA",Micropolitan Statistical Area
Worth County,Iowa,"Mason City, IA",Micropolitan Statistical Area
St. Lawrence County,New York,"Massena-Ogdensburg, NY",Micropolitan Statistical Area
Cabo Rojo Municipio,Puerto Rico,"Mayagüez, PR",Metropolitan Statistical Area
Hormigueros Municipio,Puerto Rico,"Mayagüez, PR",Metropolitan Statistical Area
Lajas Municipio,Puerto Rico,"Mayagüez, PR",Metropolitan Statistical Area
Mayagüez Municipio,Puerto Rico,"Mayagüez, PR",Metropolitan Statistical Area
Sabana Grande Municipio,Puerto Rico,"Mayagüez, PR",Metropolitan Statistical Area
San Germán Municipio,Puerto Rico,"Mayagüez, PR",Metropolitan Statistical Area
Graves County,Kentucky,"Mayfield, KY",Micropolitan Statistical Area
Pittsburg County,Oklahoma,"McAlester, OK",Micropolitan Statistical Area
Hidalgo County,Texas,"McAllen-Edinburg-Mission, TX",Metropolitan Statistical Area
Pike County,Mississippi,"McComb, MS",Micropolitan Statistical Area
Walthall County,Mississippi,"McComb, MS",Micropolitan Statistical Area
Warren County,Tennessee,"McMinnville, TN",Micropolitan Statistical Area
McPherson County,Kansas,"McPherson, KS",Micropolitan Statistical Area
Crawford County,Pennsylvania,"Meadville, PA",Micropolitan Statistical Area
Jackson County,Oregon,"Medford, OR",Metropolitan Statistical Area
Crittenden County,Arkansas,"Memphis, TN-MS-AR",Metropolitan Statistical Area
Benton County,Mississippi,"Memphis, TN-MS-AR",Metropolitan Statistical Area
DeSoto County,Mississippi,"Memphis, TN-MS-AR",Metropolitan Statistical Area
Marshall County,Mississippi,"Memphis, TN-MS-AR",Metropolitan Statistical Area
Tate County,Mississippi,"Memphis, TN-MS-AR",Metropolitan Statistical Area
Tunica County,Mississippi,"Memphis, TN-MS-AR",Metropolitan Statistical Area
Fayette County,Tennessee,"Memphis, TN-MS-AR",Metropolitan Statistical Area
Shelby County,Tennessee,"Memphis, TN-MS-AR",Metropolitan Statistical Area
Tipton County,Tennessee,"Memphis, TN-MS-AR",Metropolitan Statistical Area
Dunn County,Wisconsin,"Menomonie, WI",Micropolitan Statistical Area
Merced County,California,"Merced, CA",Metropolitan Statistical Area
Clarke County,Mississippi,"Meridian, MS",Micropolitan Statistical Area
Lauderdale County,Mississippi,"Meridian, MS",Micropolitan Statistical Area
Audrain County,Missouri,"Mexico, MO",Micropolitan Statistical Area
Ottawa County,Oklahoma,"Miami, OK",Micropolitan Statistical Area
Broward County,Florida,"Miami-Fort Lauderdale-West Palm Beach, FL",Metropolitan Statistical Area
Miami-Dade County,Florida,"Miami-Fort Lauderdale-West Palm Beach, FL",Metropolitan Statistical Area
Palm Beach County,Florida,"Miami-Fort Lauderdale-West Palm Beach, FL",Metropolitan Statistical Area
LaPorte County,Indiana,"Michigan City-La Porte, IN",Metropolitan Statistical Area
Bell County,Kentucky,"Middlesborough, KY",Micropolitan Statistical Area
Midland County,Michigan,"Midland, MI",Metropolitan Statistical Area
Martin County,Texas,"Midland, TX",Metropolitan Statistical Area
Midland County,Texas,"Midland, TX",Metropolitan Statistical Area
Baldwin County,Georgia,"Milledgeville, GA",Micropolitan Statistical Area
Milwaukee County,Wisconsin,"Milwaukee-Waukesha, WI",Metropolitan Statistical Area
Ozaukee County,Wisconsin,"Milwaukee-Waukesha, WI",Metropolitan Statistical Area
Washington County,Wisconsin,"Milwaukee-Waukesha, WI",Metropolitan Statistical Area
Waukesha County,Wisconsin,"Milwaukee-Waukesha, WI",Metropolitan Statistical Area
Webster Parish,Louisiana,"Minden, LA",Micropolitan Statistical Area
Palo Pinto County,Texas,"Mineral Wells, TX",Micropolitan Statistical Area
Anoka County,Minnesota,"Minneapolis-St. Paul-Bloomington, MN-WI",Metropolitan Statistical Area
Carver County,Minnesota,"Minneapolis-St. Paul-Bloomington, MN-WI",Metropolitan Statistical Area
Chisago County,Minnesota,"Minneapolis-St. Paul-Bloomington, MN-WI",Metropolitan Statistical Area
Dakota County,Minnesota,"Minneapolis-St. Paul-Bloomington, MN-WI",Metropolitan Statistical Area
Hennepin County,Minnesota,"Minneapolis-St. Paul-Bloomington, MN-WI",Metropolitan Statistical Area
Isanti County,Minnesota,"Minneapolis-St. Paul-Bloomington, MN-WI",Metropolitan Statistical Area
Le Sueur County,Minnesota,"Minneapolis-St. Paul-Bloomington, MN-WI",Metropolitan Statistical Area
Mille Lacs County,Minnesota,"Minneapolis-St. Paul-Bloomington, MN-WI",Metropolitan Statistical Area
Ramsey County,Minnesota,"Minneapolis-St. Paul-Bloomington, MN-WI",Metropolitan Statistical Area
Scott County,Minnesota,"Minneapolis-St. Paul-Bloomington, MN-WI",Metropolitan Statistical Area
Sherburne County,Minnesota,"Minneapolis-St. Paul-Bloomington, MN-WI",Metropolitan Statistical Area
Washington County,Minnesota,"Minneapolis-St. Paul-Bloomington, MN-WI",Metropolitan Statistical Area
Wright County,Minnesota,"Minneapolis-St. Paul-Bloomington, MN-WI",Metropolitan Statistical Area
Pierce County,Wisconsin,"Minneapolis-St. Paul-Bloomington, MN-WI",Metropolitan Statistical Area
St. Croix County,Wisconsin,"Minneapolis-St. Paul-Bloomington, MN-WI",Metropolitan Statistical Area
McHenry County,North Dakota,"Minot, ND",Metropolitan Statistical Area
Renville County,North Dakota,"Minot, ND",Metropolitan Statistical Area
Ward County,North Dakota,"Minot, ND",Metropolitan Statistical Area
Mineral County,Montana,"Missoula, MT",Metropolitan Statistical Area
Missoula County,Montana,"Missoula, MT",Metropolitan Statistical Area
Davison County,South Dakota,"Mitchell, SD",Micropolitan Statistical Area
Hanson County,South Dakota,"Mitchell, SD",Micropolitan Statistical Area
Sanborn County,South Dakota,"Mitchell, SD",Micropolitan Statistical Area
Randolph County,Missouri,"Moberly, MO",Micropolitan Statistical Area
Mobile County,Alabama,"Mobile, AL",Metropolitan Statistical Area
Stanislaus County,California,"Modesto, CA",Metropolitan Statistical Area
Morehouse Parish,Louisiana,"Monroe, LA",Metropolitan Statistical Area
Ouachita Parish,Louisiana,"Monroe, LA",Metropolitan Statistical Area
Richland Parish,Louisiana,"Monroe, LA",Metropolitan Statistical Area
Union Parish,Louisiana,"Monroe, LA",Metropolitan Statistical Area
Monroe County,Michigan,"Monroe, MI",Metropolitan Statistical Area
Autauga County,Alabama,"Montgomery, AL",Metropolitan Statistical Area
Elmore County,Alabama,"Montgomery, AL",Metropolitan Statistical Area
Lowndes County,Alabama,"Montgomery, AL",Metropolitan Statistical Area
Montgomery County,Alabama,"Montgomery, AL",Metropolitan Statistical Area
White County,Indiana,"Monticello, IN",Micropolitan Statistical Area
Sullivan County,New York,"Monticello, NY",Micropolitan Statistical Area
Montrose County,Colorado,"Montrose, CO",Micropolitan Statistical Area
Carteret County,North Carolina,"Morehead City, NC",Micropolitan Statistical Area
St. Mary Parish,Louisiana,"Morgan City, LA",Micropolitan Statistical Area
Monongalia County,West Virginia,"Morgantown, WV",Metropolitan Statistical Area
Preston County,West Virginia,"Morgantown, WV",Metropolitan Statistical Area
Hamblen County,Tennessee,"Morristown, TN",Metropolitan Statistical Area
Jefferson County,Tennessee,"Morristown, TN",Metropolitan Statistical Area
Latah County,Idaho,"Moscow, ID",Micropolitan Statistical Area
Grant County,Washington,"Moses Lake, WA",Micropolitan Statistical Area
Colquitt County,Georgia,"Moultrie, GA",Micropolitan Statistical Area
Baxter County,Arkansas,"Mountain Home, AR",Micropolitan Statistical Area
Elmore County,Idaho,"Mountain Home, ID",Micropolitan Statistical Area
Surry County,North Carolina,"Mount Airy, NC",Micropolitan Statistical Area
Isabella County,Michigan,"Mount Pleasant, MI",Micropolitan Statistical Area
Camp County,Texas,"Mount Pleasant, TX",Micropolitan Statistical Area
Morris County,Texas,"Mount Pleasant, TX",Micropolitan Statistical Area
Titus County,Texas,"Mount Pleasant, TX",Micropolitan Statistical Area
Bath County,Kentucky,"Mount Sterling, KY",Micropolitan Statistical Area
Menifee County,Kentucky,"Mount Sterling, KY",Micropolitan Statistical Area
Montgomery County,Kentucky,"Mount Sterling, KY",Micropolitan Statistical Area
Jefferson County,Illinois,"Mount Vernon, IL",Micropolitan Statistical Area
Knox County,Ohio,"Mount Vernon, OH",Micropolitan Statistical Area
Skagit County,Washington,"Mount Vernon-Anacortes, WA",Metropolitan Statistical Area
Delaware County,Indiana,"Muncie, IN",Metropolitan Statistical Area
Calloway County,Kentucky,"Murray, KY",Micropolitan Statistical Area
Georgetown County,South Carolina,"Murrells Inlet, SC",Micropolitan Statistical Area
Muscatine County,Iowa,"Muscatine, IA",Micropolitan Statistical Area
Muskegon County,Michigan,"Muskegon-Norton Shores, MI",Metropolitan Statistical Area
Muskogee County,Oklahoma,"Muskogee, OK",Micropolitan Statistical Area
Horry County,South Carolina,"Myrtle Beach-Conway-North Myrtle Beach, SC",Metropolitan Statistical Area
Nacogdoches County,Texas,"Nacogdoches, TX",Micropolitan Statistical Area
Nantucket County,Massachusetts,"Nantucket, MA",Micropolitan Statistical Area
Napa County,California,"Napa, CA",Metropolitan Statistical Area
Collier County,Florida,"Naples-Marco Island, FL",Metropolitan Statistical Area
Cannon County,Tennessee,"Nashville-Davidson--Murfreesboro--Franklin, TN",Metropolitan Statistical Area
Cheatham County,Tennessee,"Nashville-Davidson--Murfreesboro--Franklin, TN",Metropolitan Statistical Area
Davidson County,Tennessee,"Nashville-Davidson--Murfreesboro--Franklin, TN",Metropolitan Statistical Area
Dickson County,Tennessee,"Nashville-Davidson--Murfreesboro--Franklin, TN",Metropolitan Statistical Area
Hickman County,Tennessee,"Nashville-Davidson--Murfreesboro--Franklin, TN",Metropolitan Statistical Area
Macon County,Tennessee,"Nashville-Davidson--Murfreesboro--Franklin, TN",Metropolitan Statistical Area
Maury County,Tennessee,"Nashville-Davidson--Murfreesboro--Franklin, TN",Metropolitan Statistical Area
Robertson County,Tennessee,"Nashville-Davidson--Murfreesboro--Franklin, TN",Metropolitan Statistical Area
Rutherford County,Tennessee,"Nashville-Davidson--Murfreesboro--Franklin, TN",Metropolitan Statistical Area
Smith County,Tennessee,"Nashville-Davidson--Murfreesboro--Franklin, TN",Metropolitan Statistical Area
Sumner County,Tennessee,"Nashville-Davidson--Murfreesboro--Franklin, TN",Metropolitan Statistical Area
Trousdale County,Tennessee,"Nashville-Davidson--Murfreesboro--Franklin, TN",Metropolitan Statistical Area
Williamson County,Tennessee,"Nashville-Davidson--Murfreesboro--Franklin, TN",Metropolitan Statistical Area
Wilson County,Tennessee,"Nashville-Davidson--Murfreesboro--Franklin, TN",Metropolitan Statistical Area
Concordia Parish,Louisiana,"Natchez, MS-LA",Micropolitan Statistical Area
Adams County,Mississippi,"Natchez, MS-LA",Micropolitan Statistical Area
Jefferson County,Mississippi,"Natchez, MS-LA",Micropolitan Statistical Area
Natchitoches Parish,Louisiana,"Natchitoches, LA",Micropolitan Statistical Area
Craven County,North Carolina,"New Bern, NC",Micropolitan Statistical Area
Jones County,North Carolina,"New Bern, NC",Micropolitan Statistical Area
Pamlico County,North Carolina,"New Bern, NC",Micropolitan Statistical Area
Newberry County,South Carolina,"Newberry, SC",Micropolitan Statistical Area
Henry County,Indiana,"New Castle, IN",Micropolitan Statistical Area
South Central Connecticut Planning Region,Connecticut,"New Haven, CT",Metropolitan Statistical Area
Iberia Parish,Louisiana,"New Iberia, LA",Micropolitan Statistical Area
Jefferson Parish,Louisiana,"New Orleans-Metairie, LA",Metropolitan Statistical Area
Orleans Parish,Louisiana,"New Orleans-Metairie, LA",Metropolitan Statistical Area
Plaquemines Parish,Louisiana,"New Orleans-Metairie, LA",Metropolitan Statistical Area
St. Bernard Parish,Louisiana,"New Orleans-Metairie, LA",Metropolitan Statistical Area
St. Charles Parish,Louisiana,"New Orleans-Metairie, LA",Metropolitan Statistical Area
St. James Parish,Louisiana,"New Orleans-Metairie, LA",Metropolitan Statistical Area
St. John the Baptist Parish,Louisiana,"New Orleans-Metairie, LA",Metropolitan Statistical Area
Tuscarawas County,Ohio,"New Philadelphia-Dover, OH",Micropolitan Statistical Area
Lincoln County,Oregon,"Newport, OR",Micropolitan Statistical Area
Cocke County,Tennessee,"Newport, TN",Micropolitan Statistical Area
Brown County,Minnesota,"New Ulm, MN",Micropolitan Statistical Area
Middlesex County,New Jersey,"New York-Newark-Jersey City, NY-NJ",Metropolitan Statistical Area
Monmouth County,New Jersey,"New York-Newark-Jersey City, NY-NJ",Metropolitan Statistical Area
Ocean County,New Jersey,"New York-Newark-Jersey City, NY-NJ",Metropolitan Statistical Area
Somerset County,New Jersey,"New York-Newark-Jersey City, NY-NJ",Metropolitan Statistical Area
Nassau County,New York,"New York-Newark-Jersey City, NY-NJ",Metropolitan Statistical Area
Suffolk County,New York,"New York-Newark-Jersey City, NY-NJ",Metropolitan Statistical Area
Essex County,New Jersey,"New York-Newark-Jersey City, NY-NJ",Metropolitan Statistical Area
Hunterdon County,New Jersey,"New York-Newark-Jersey City, NY-NJ",Metropolitan Statistical Area
Morris County,New Jersey,"New York-Newark-Jersey City, NY-NJ",Metropolitan Statistical Area
Sussex County,New Jersey,"New York-Newark-Jersey City, NY-NJ",Metropolitan Statistical Area
Union County,New Jersey,"New York-Newark-Jersey City, NY-NJ",Metropolitan Statistical Area
Bergen County,New Jersey,"New York-Newark-Jersey City, NY-NJ",Metropolitan Statistical Area
Hudson County,New Jersey,"New York-Newark-Jersey City, NY-NJ",Metropolitan Statistical Area
Passaic County,New Jersey,"New York-Newark-Jersey City, NY-NJ",Metropolitan Statistical Area
Bronx County,New York,"New York-Newark-Jersey City, NY-NJ",Metropolitan Statistical Area
Kings County,New York,"New York-Newark-Jersey City, NY-NJ",Metropolitan Statistical Area
New York County,New York,"New York-Newark-Jersey City, NY-NJ",Metropolitan Statistical Area
Putnam County,New York,"New York-Newark-Jersey City, NY-NJ",Metropolitan Statistical Area
Queens County,New York,"New York-Newark-Jersey City, NY-NJ",Metropolitan Statistical Area
Richmond County,New York,"New York-Newark-Jersey City, NY-NJ",Metropolitan Statistical Area
Rockland County,New York,"New York-Newark-Jersey City, NY-NJ",Metropolitan Statistical Area
Westchester County,New York,"New York-Newark-Jersey City, NY-NJ",Metropolitan Statistical Area
Berrien County,Michigan,"Niles, MI",Metropolitan Statistical Area
Santa Cruz County,Arizona,"Nogales, AZ",Micropolitan Statistical Area
Madison County,Nebraska,"Norfolk, NE",Micropolitan Statistical Area
Pierce County,Nebraska,"Norfolk, NE",Micropolitan Statistical Area
Stanton County,Nebraska,"Norfolk, NE",Micropolitan Statistical Area
Lincoln County,Nebraska,"North Platte, NE",Micropolitan Statistical Area
Logan County,Nebraska,"North Platte, NE",Micropolitan Statistical Area
Manatee County,Florida,"North Port-Bradenton-Sarasota, FL",Metropolitan Statistical Area
Sarasota County,Florida,"North Port-Bradenton-Sarasota, FL",Metropolitan Statistical Area
Wilkes County,North Carolina,"North Wilkesboro, NC",Micropolitan Statistical Area
Huron County,Ohio,"Norwalk, OH",Micropolitan Statistical Area
Southeastern Connecticut Planning Region,Connecticut,"Norwich-New London-Willimantic, CT",Metropolitan Statistical Area
Island County,Washington,"Oak Harbor, WA",Micropolitan Statistical Area
Marion County,Florida,"Ocala, FL",Metropolitan Statistical Area
Worcester County,Maryland,"Ocean Pines, MD",Micropolitan Statistical Area
Ector County,Texas,"Odessa, TX",Metropolitan Statistical Area
Davis County,Utah,"Ogden, UT",Metropolitan Statistical Area
Morgan County,Utah,"Ogden, UT",Metropolitan Statistical Area
Weber County,Utah,"Ogden, UT",Metropolitan Statistical Area
Venango County,Pennsylvania,"Oil City, PA",Micropolitan Statistical Area
Okeechobee County,Florida,"Okeechobee, FL",Micropolitan Statistical Area
Canadian County,Oklahoma,"Oklahoma City, OK",Metropolitan Statistical Area
Cleveland County,Oklahoma,"Oklahoma City, OK",Metropolitan Statistical Area
Grady County,Oklahoma,"Oklahoma City, OK",Metropolitan Statistical Area
Lincoln County,Oklahoma,"Oklahoma City, OK",Metropolitan Statistical Area
Logan County,Oklahoma,"Oklahoma City, OK",Metropolitan Statistical Area
McClain County,Oklahoma,"Oklahoma City, OK",Metropolitan Statistical Area
Oklahoma County,Oklahoma,"Oklahoma City, OK",Metropolitan Statistical Area
Cattaraugus County,New York,"Olean, NY",Micropolitan Statistical Area
Thurston County,Washington,"Olympia-Lacey-Tumwater, WA",Metropolitan Statistical Area
Harrison County,Iowa,"Omaha, NE-IA",Metropolitan Statistical Area
Mills County,Iowa,"Omaha, NE-IA",Metropolitan Statistical Area
Pottawattamie County,Iowa,"Omaha, NE-IA",Metropolitan Statistical Area
Cass County,Nebraska,"Omaha, NE-IA",Metropolitan Statistical Area
Douglas County,Nebraska,"Omaha, NE-IA",Metropolitan Statistical Area
Sarpy County,Nebraska,"Omaha, NE-IA",Metropolitan Statistical Area
Saunders County,Nebraska,"Omaha, NE-IA",Metropolitan Statistical Area
Washington County,Nebraska,"Omaha, NE-IA",Metropolitan Statistical Area
Otsego County,New York,"Oneonta, NY",Micropolitan Statistical Area
Payette County,Idaho,"Ontario, OR-ID",Micropolitan Statistical Area
Malheur County,Oregon,"Ontario, OR-ID",Micropolitan Statistical Area
St. Landry Parish,Louisiana,"Opelousas, LA",Micropolitan Statistical Area
Orangeburg County,South Carolina,"Orangeburg, SC",Micropolitan Statistical Area
Lake County,Florida,"Orlando-Kissimmee-Sanford, FL",Metropolitan Statistical Area
Orange County,Florida,"Orlando-Kissimmee-Sanford, FL",Metropolitan Statistical Area
Osceola County,Florida,"Orlando-Kissimmee-Sanford, FL",Metropolitan Statistical Area
Seminole County,Florida,"Orlando-Kissimmee-Sanford, FL",Metropolitan Statistical Area
Winnebago County,Wisconsin,"Oshkosh-Neenah, WI",Metropolitan Statistical Area
Mahaska County,Iowa,"Oskaloosa, IA",Micropolitan Statistical Area
Adams County,Washington,"Othello, WA",Micropolitan Statistical Area
Bureau County,Illinois,"Ottawa, IL",Micropolitan Statistical Area
LaSalle County,Illinois,"Ottawa, IL",Micropolitan Statistical Area
Putnam County,Illinois,"Ottawa, IL",Micropolitan Statistical Area
Franklin County,Kansas,"Ottawa, KS",Micropolitan Statistical Area
Wapello County,Iowa,"Ottumwa, IA",Micropolitan Statistical Area
Steele County,Minnesota,"Owatonna, MN",Micropolitan Statistical Area
Daviess County,Kentucky,"Owensboro, KY",Metropolitan Statistical Area
McLean County,Kentucky,"Owensboro, KY",Metropolitan Statistical Area
Shiawassee County,Michigan,"Owosso, MI",Micropolitan Statistical Area
Lafayette County,Mississippi,"Oxford, MS",Micropolitan Statistical Area
Yalobusha County,Mississippi,"Oxford, MS",Micropolitan Statistical Area
Ventura County,California,"Oxnard-Thousand Oaks-Ventura, CA",Metropolitan Statistical Area
Dale County,Alabama,"Ozark, AL",Micropolitan Statistical Area
Massac County,Illinois,"Paducah, KY-IL",Metropolitan Statistical Area
Ballard County,Kentucky,"Paducah, KY-IL",Metropolitan Statistical Area
Carlisle County,Kentucky,"Paducah, KY-IL",Metropolitan Statistical Area
Livingston County,Kentucky,"Paducah, KY-IL",Metropolitan Statistical Area
McCracken County,Kentucky,"Paducah, KY-IL",Metropolitan Statistical Area
Nye County,Nevada,"Pahrump, NV",Micropolitan Statistical Area
Putnam County,Florida,"Palatka, FL",Micropolitan Statistical Area
Anderson County,Texas,"Palestine, TX",Micropolitan Statistical Area
Brevard County,Florida,"Palm Bay-Melbourne-Titusville, FL",Metropolitan Statistical Area
Gray County,Texas,"Pampa, TX",Micropolitan Statistical Area
Roberts County,Texas,"Pampa, TX",Micropolitan Statistical Area
Bay County,Florida,"Panama City-Panama City Beach, FL",Metropolitan Statistical Area
Washington County,Florida,"Panama City-Panama City Beach, FL",Metropolitan Statistical Area
Greene County,Arkansas,"Paragould, AR",Micropolitan Statistical Area
Henry County,Tennessee,"Paris, TN",Micropolitan Statistical Area
Lamar County,Texas,"Paris, TX",Micropolitan Statistical Area
Red River County,Texas,"Paris, TX",Micropolitan Statistical Area
Wirt County,West Virginia,"Parkersburg-Vienna, WV",Metropolitan Statistical Area
Wood County,West Virginia,"Parkersburg-Vienna, WV",Metropolitan Statistical Area
Gila County,Arizona,"Payson, AZ",Micropolitan Statistical Area
Marion County,Iowa,"Pella, IA",Micropolitan Statistical Area
Escambia County,Florida,"Pensacola-Ferry Pass-Brent, FL",Metropolitan Statistical Area
Santa Rosa County,Florida,"Pensacola-Ferry Pass-Brent, FL",Metropolitan Statistical Area
Marshall County,Illinois,"Peoria, IL",Metropolitan Statistical Area
Peoria County,Illinois,"Peoria, IL",Metropolitan Statistical Area
Stark County,Illinois,"Peoria, IL",Metropolitan Statistical Area
Tazewell County,Illinois,"Peoria, IL",Metropolitan Statistical Area
Woodford County,Illinois,"Peoria, IL",Metropolitan Statistical Area
Miami County,Indiana,"Peru, IN",Micropolitan Statistical Area
Emmet County,Michigan,"Petoskey, MI",Micropolitan Statistical Area
Burlington County,New Jersey,"Philadelphia-Camden-Wilmington, PA-NJ-DE-MD",Metropolitan Statistical Area
Camden County,New Jersey,"Philadelphia-Camden-Wilmington, PA-NJ-DE-MD",Metropolitan Statistical Area
Gloucester County,New Jersey,"Philadelphia-Camden-Wilmington, PA-NJ-DE-MD",Metropolitan Statistical Area
Bucks County,Pennsylvania,"Philadelphia-Camden-Wilmington, PA-NJ-DE-MD",Metropolitan Statistical Area
Chester County,Pennsylvania,"Philadelphia-Camden-Wilmington, PA-NJ-DE-MD",Metropolitan Statistical Area
Montgomery County,Pennsylvania,"Philadelphia-Camden-Wilmington, PA-NJ-DE-MD",Metropolitan Statistical Area
Delaware County,Pennsylvania,"Philadelphia-Camden-Wilmington, PA-NJ-DE-MD",Metropolitan Statistical Area
Philadelphia County,Pennsylvania,"Philadelphia-Camden-Wilmington, PA-NJ-DE-MD",Metropolitan Statistical Area
New Castle County,Delaware,"Philadelphia-Camden-Wilmington, PA-NJ-DE-MD",Metropolitan Statistical Area
Cecil County,Maryland,"Philadelphia-Camden-Wilmington, PA-NJ-DE-MD",Metropolitan Statistical Area
Salem County,New Jersey,"Philadelphia-Camden-Wilmington, PA-NJ-DE-MD",Metropolitan Statistical Area
Maricopa County,Arizona,"Phoenix-Mesa-Chandler, AZ",Metropolitan Statistical Area
Pinal County,Arizona,"Phoenix-Mesa-Chandler, AZ",Metropolitan Statistical Area
Pearl River County,Mississippi,"Picayune, MS",Micropolitan Statistical Area
Hughes County,South Dakota,"Pierre, SD",Micropolitan Statistical Area
Stanley County,South Dakota,"Pierre, SD",Micropolitan Statistical Area
Floyd County,Kentucky,"Pikeville, KY",Micropolitan Statistical Area
Pike County,Kentucky,"Pikeville, KY",Micropolitan Statistical Area
Cleveland County,Arkansas,"Pine Bluff, AR",Micropolitan Statistical Area
Jefferson County,Arkansas,"Pine Bluff, AR",Micropolitan Statistical Area
Moore County,North Carolina,"Pinehurst-Southern Pines, NC",Metropolitan Statistical Area
Crawford County,Kansas,"Pittsburg, KS",Micropolitan Statistical Area
Allegheny County,Pennsylvania,"Pittsburgh, PA",Metropolitan Statistical Area
Armstrong County,Pennsylvania,"Pittsburgh, PA",Metropolitan Statistical Area
Beaver County,Pennsylvania,"Pittsburgh, PA",Metropolitan Statistical Area
Butler County,Pennsylvania,"Pittsburgh, PA",Metropolitan Statistical Area
Fayette County,Pennsylvania,"Pittsburgh, PA",Metropolitan Statistical Area
Lawrence County,Pennsylvania,"Pittsburgh, PA",Metropolitan Statistical Area
Washington County,Pennsylvania,"Pittsburgh, PA",Metropolitan Statistical Area
Westmoreland County,Pennsylvania,"Pittsburgh, PA",Metropolitan Statistical Area
Berkshire County,Massachusetts,"Pittsfield, MA",Metropolitan Statistical Area
Floyd County,Texas,"Plainview, TX",Micropolitan Statistical Area
Hale County,Texas,"Plainview, TX",Micropolitan Statistical Area
Grant County,Wisconsin,"Platteville, WI",Micropolitan Statistical Area
Clinton County,New York,"Plattsburgh, NY",Micropolitan Statistical Area
Marshall County,Indiana,"Plymouth, IN",Micropolitan Statistical Area
Bannock County,Idaho,"Pocatello, ID",Metropolitan Statistical Area
Kay County,Oklahoma,"Ponca City, OK",Micropolitan Statistical Area
Guayanilla Municipio,Puerto Rico,"Ponce, PR",Metropolitan Statistical Area
Juana Díaz Municipio,Puerto Rico,"Ponce, PR",Metropolitan Statistical Area
Peñuelas Municipio,Puerto Rico,"Ponce, PR",Metropolitan Statistical Area
Ponce Municipio,Puerto Rico,"Ponce, PR",Metropolitan Statistical Area
Villalba Municipio,Puerto Rico,"Ponce, PR",Metropolitan Statistical Area
Yauco Municipio,Puerto Rico,"Ponce, PR",Metropolitan Statistical Area
Livingston County,Illinois,"Pontiac, IL",Micropolitan Statistical Area
Butler County,Missouri,"Poplar Bluff, MO",Micropolitan Statistical Area
Clallam County,Washington,"Port Angeles, WA",Micropolitan Statistical Area
Cumberland County,Maine,"Portland-South Portland, ME",Metropolitan Statistical Area
Sagadahoc County,Maine,"Portland-South Portland, ME",Metropolitan Statistical Area
York County,Maine,"Portland-South Portland, ME",Metropolitan Statistical Area
Clackamas County,Oregon,"Portland-Vancouver-Hillsboro, OR-WA",Metropolitan Statistical Area
Columbia County,Oregon,"Portland-Vancouver-Hillsboro, OR-WA",Metropolitan Statistical Area
Multnomah County,Oregon,"Portland-Vancouver-Hillsboro, OR-WA",Metropolitan Statistical Area
Washington County,Oregon,"Portland-Vancouver-Hillsboro, OR-WA",Metropolitan Statistical Area
Yamhill County,Oregon,"Portland-Vancouver-Hillsboro, OR-WA",Metropolitan Statistical Area
Clark County,Washington,"Portland-Vancouver-Hillsboro, OR-WA",Metropolitan Statistical Area
Skamania County,Washington,"Portland-Vancouver-Hillsboro, OR-WA",Metropolitan Statistical Area
Calhoun County,Texas,"Port Lavaca, TX",Micropolitan Statistical Area
Martin County,Florida,"Port St. Lucie, FL",Metropolitan Statistical Area
St. Lucie County,Florida,"Port St. Lucie, FL",Metropolitan Statistical Area
Scioto County,Ohio,"Portsmouth, OH",Micropolitan Statistical Area
Jefferson County,Washington,"Port Townsend, WA",Micropolitan Statistical Area
Schuylkill County,Pennsylvania,"Pottsville, PA",Micropolitan Statistical Area
Yavapai County,Arizona,"Prescott Valley-Prescott, AZ",Metropolitan Statistical Area
Carbon County,Utah,"Price, UT",Micropolitan Statistical Area
Bristol County,Massachusetts,"Providence-Warwick, RI-MA",Metropolitan Statistical Area
Bristol County,Rhode Island,"Providence-Warwick, RI-MA",Metropolitan Statistical Area
Kent County,Rhode Island,"Providence-Warwick, RI-MA",Metropolitan Statistical Area
Newport County,Rhode Island,"Providence-Warwick, RI-MA",Metropolitan Statistical Area
Providence County,Rhode Island,"Providence-Warwick, RI-MA",Metropolitan Statistical Area
Washington County,Rhode Island,"Providence-Warwick, RI-MA",Metropolitan Statistical Area
Juab County,Utah,"Provo-Orem-Lehi, UT",Metropolitan Statistical Area
Utah County,Utah,"Provo-Orem-Lehi, UT",Metropolitan Statistical Area
Pueblo County,Colorado,"Pueblo, CO",Metropolitan Statistical Area
Whitman County,Washington,"Pullman, WA",Micropolitan Statistical Area
Charlotte County,Florida,"Punta Gorda, FL",Metropolitan Statistical Area
Northeastern Connecticut Planning Region,Connecticut,"Putnam, CT",Micropolitan Statistical Area
Adams County,Illinois,"Quincy, IL-MO",Micropolitan Statistical Area
Lewis County,Missouri,"Quincy, IL-MO",Micropolitan Statistical Area
Racine County,Wisconsin,"Racine-Mount Pleasant, WI",Metropolitan Statistical Area
Franklin County,North Carolina,"Raleigh-Cary, NC",Metropolitan Statistical Area
Johnston County,North Carolina,"Raleigh-Cary, NC",Metropolitan Statistical Area
Wake County,North Carolina,"Raleigh-Cary, NC",Metropolitan Statistical Area
Custer County,South Dakota,"Rapid City, SD",Metropolitan Statistical Area
Meade County,South Dakota,"Rapid City, SD",Metropolitan Statistical Area
Pennington County,South Dakota,"Rapid City, SD",Metropolitan Statistical Area
Willacy County,Texas,"Raymondville, TX",Micropolitan Statistical Area
Berks County,Pennsylvania,"Reading, PA",Metropolitan Statistical Area
Tehama County,California,"Red Bluff, CA",Micropolitan Statistical Area
Shasta County,California,"Redding, CA",Metropolitan Statistical Area
Goodhue County,Minnesota,"Red Wing, MN",Micropolitan Statistical Area
Lyon County,Nevada,"Reno, NV",Metropolitan Statistical Area
Storey County,Nevada,"Reno, NV",Metropolitan Statistical Area
Washoe County,Nevada,"Reno, NV",Metropolitan Statistical Area
Fremont County,Idaho,"Rexburg, ID",Micropolitan Statistical Area
Madison County,Idaho,"Rexburg, ID",Micropolitan Statistical Area
Barron County,Wisconsin,"Rice Lake, WI",Micropolitan Statistical Area
Wayne County,Indiana,"Richmond, IN",Micropolitan Statistical Area
Amelia County,Virginia,"Richmond, VA",Metropolitan Statistical Area
Charles City County,Virginia,"Richmond, VA",Metropolitan Statistical Area
Chesterfield County,Virginia,"Richmond, VA",Metropolitan Statistical Area
Dinwiddie County,Virginia,"Richmond, VA",Metropolitan Statistical Area
Goochland County,Virginia,"Richmond, VA",Metropolitan Statistical Area
Hanover County,Virginia,"Richmond, VA",Metropolitan Statistical Area
Henrico County,Virginia,"Richmond, VA",Metropolitan Statistical Area
King and Queen County,Virginia,"Richmond, VA",Metropolitan Statistical Area
King William County,Virginia,"Richmond, VA",Metropolitan Statistical Area
New Kent County,Virginia,"Richmond, VA",Metropolitan Statistical Area
Powhatan County,Virginia,"Richmond, VA",Metropolitan Statistical Area
Prince George County,Virginia,"Richmond, VA",Metropolitan Statistical Area
Sussex County,Virginia,"Richmond, VA",Metropolitan Statistical Area
Colonial Heights city,Virginia,"Richmond, VA",Metropolitan Statistical Area
Hopewell city,Virginia,"Richmond, VA",Metropolitan Statistical Area
Petersburg city,Virginia,"Richmond, VA",Metropolitan Statistical Area
Richmond city,Virginia,"Richmond, VA",Metropolitan Statistical Area
Estill County,Kentucky,"Richmond-Berea, KY",Micropolitan Statistical Area
Madison County,Kentucky,"Richmond-Berea, KY",Micropolitan Statistical Area
Rockcastle County,Kentucky,"Richmond-Berea, KY",Micropolitan Statistical Area
Garfield County,Colorado,"Rifle, CO",Micropolitan Statistical Area
Pitkin County,Colorado,"Rifle, CO",Micropolitan Statistical Area
Starr County,Texas,"Rio Grande City-Roma, TX",Micropolitan Statistical Area
Riverside County,California,"Riverside-San Bernardino-Ontario, CA",Metropolitan Statistical Area
San Bernardino County,California,"Riverside-San Bernardino-Ontario, CA",Metropolitan Statistical Area
Fremont County,Wyoming,"Riverton, WY",Micropolitan Statistical Area
Botetourt County,Virginia,"Roanoke, VA",Metropolitan Statistical Area
Craig County,Virginia,"Roanoke, VA",Metropolitan Statistical Area
Franklin County,Virginia,"Roanoke, VA",Metropolitan Statistical Area
Roanoke County,Virginia,"Roanoke, VA",Metropolitan Statistical Area
Roanoke city,Virginia,"Roanoke, VA",Metropolitan Statistical Area
Salem city,Virginia,"Roanoke, VA",Metropolitan Statistical Area
Halifax County,North Carolina,"Roanoke Rapids, NC",Micropolitan Statistical Area
Northampton County,North Carolina,"Roanoke Rapids, NC",Micropolitan Statistical Area
Ogle County,Illinois,"Rochelle, IL",Micropolitan Statistical Area
Dodge County,Minnesota,"Rochester, MN",Metropolitan Statistical Area
Fillmore County,Minnesota,"Rochester, MN",Metropolitan Statistical Area
Olmsted County,Minnesota,"Rochester, MN",Metropolitan Statistical Area
Wabasha County,Minnesota,"Rochester, MN",Metropolitan Statistical Area
Livingston County,New York,"Rochester, NY",Metropolitan Statistical Area
Monroe County,New York,"Rochester, NY",Metropolitan Statistical Area
Ontario County,New York,"Rochester, NY",Metropolitan Statistical Area
Orleans County,New York,"Rochester, NY",Metropolitan Statistical Area
Wayne County,New York,"Rochester, NY",Metropolitan Statistical Area
Boone County,Illinois,"Rockford, IL",Metropolitan Statistical Area
Winnebago County,Illinois,"Rockford, IL",Metropolitan Statistical Area
Richmond County,North Carolina,"Rockingham, NC",Micropolitan Statistical Area
Sweetwater County,Wyoming,"Rock Springs, WY",Micropolitan Statistical Area
Edgecombe County,North Carolina,"Rocky Mount, NC",Metropolitan Statistical Area
Nash County,North Carolina,"Rocky Mount, NC",Metropolitan Statistical Area
Phelps County,Missouri,"Rolla, MO",Micropolitan Statistical Area
Floyd County,Georgia,"Rome, GA",Metropolitan Statistical Area
Douglas County,Oregon,"Roseburg, OR",Micropolitan Statistical Area
Chaves County,New Mexico,"Roswell, NM",Micropolitan Statistical Area
Lincoln County,New Mexico,"Ruidoso, NM",Micropolitan Statistical Area
Franklin County,Alabama,"Russellville, AL",Micropolitan Statistical Area
Pope County,Arkansas,"Russellville, AR",Micropolitan Statistical Area
Yell County,Arkansas,"Russellville, AR",Micropolitan Statistical Area
Lincoln Parish,Louisiana,"Ruston, LA",Micropolitan Statistical Area
Rutland County,Vermont,"Rutland, VT",Micropolitan Statistical Area
El Dorado County,California,"Sacramento-Roseville-Folsom, CA",Metropolitan Statistical Area
Placer County,California,"Sacramento-Roseville-Folsom, CA",Metropolitan Statistical Area
Sacramento County,California,"Sacramento-Roseville-Folsom, CA",Metropolitan Statistical Area
Yolo County,California,"Sacramento-Roseville-Folsom, CA",Metropolitan Statistical Area
Graham County,Arizona,"Safford, AZ",Micropolitan Statistical Area
Saginaw County,Michigan,"Saginaw, MI",Metropolitan Statistical Area
Benton County,Minnesota,"St. Cloud, MN",Metropolitan Statistical Area
Stearns County,Minnesota,"St. Cloud, MN",Metropolitan Statistical Area
Washington County,Utah,"St. George, UT",Metropolitan Statistical Area
Doniphan County,Kansas,"St. Joseph, MO-KS",Metropolitan Statistical Area
Andrew County,Missouri,"St. Joseph, MO-KS",Metropolitan Statistical Area
Buchanan County,Missouri,"St. Joseph, MO-KS",Metropolitan Statistical Area
DeKalb County,Missouri,"St. Joseph, MO-KS",Metropolitan Statistical Area
Bond County,Illinois,"St. Louis, MO-IL",Metropolitan Statistical Area
Calhoun County,Illinois,"St. Louis, MO-IL",Metropolitan Statistical Area
Clinton County,Illinois,"St. Louis, MO-IL",Metropolitan Statistical Area
Jersey County,Illinois,"St. Louis, MO-IL",Metropolitan Statistical Area
Macoupin County,Illinois,"St. Louis, MO-IL",Metropolitan Statistical Area
Madison County,Illinois,"St. Louis, MO-IL",Metropolitan Statistical Area
Monroe County,Illinois,"St. Louis, MO-IL",Metropolitan Statistical Area
St. Clair County,Illinois,"St. Louis, MO-IL",Metropolitan Statistical Area
Franklin County,Missouri,"St. Louis, MO-IL",Metropolitan Statistical Area
Jefferson County,Missouri,"St. Louis, MO-IL",Metropolitan Statistical Area
Lincoln County,Missouri,"St. Louis, MO-IL",Metropolitan Statistical Area
St. Charles County,Missouri,"St. Louis, MO-IL",Metropolitan Statistical Area
St. Louis County,Missouri,"St. Louis, MO-IL",Metropolitan Statistical Area
Warren County,Missouri,"St. Louis, MO-IL",Metropolitan Statistical Area
St. Louis city,Missouri,"St. Louis, MO-IL",Metropolitan Statistical Area
Elk County,Pennsylvania,"St. Marys, PA",Micropolitan Statistical Area
Columbiana County,Ohio,"Salem, OH",Micropolitan Statistical Area
Marion County,Oregon,"Salem, OR",Metropolitan Statistical Area
Polk County,Oregon,"Salem, OR",Metropolitan Statistical Area
Ottawa County,Kansas,"Salina, KS",Micropolitan Statistical Area
Saline County,Kansas,"Salina, KS",Micropolitan Statistical Area
Monterey County,California,"Salinas, CA",Metropolitan Statistical Area
Somerset County,Maryland,"Salisbury, MD",Metropolitan Statistical Area
Wicomico County,Maryland,"Salisbury, MD",Metropolitan Statistical Area
Salt Lake County,Utah,"Salt Lake City-Murray, UT",Metropolitan Statistical Area
Tooele County,Utah,"Salt Lake City-Murray, UT",Metropolitan Statistical Area
Irion County,Texas,"San Angelo, TX",Metropolitan Statistical Area
Tom Green County,Texas,"San Angelo, TX",Metropolitan Statistical Area
Atascosa County,Texas,"San Antonio-New Braunfels, TX",Metropolitan Statistical Area
Bandera County,Texas,"San Antonio-New Braunfels, TX",Metropolitan Statistical Area
Bexar County,Texas,"San Antonio-New Braunfels, TX",Metropolitan Statistical Area
Comal County,Texas,"San Antonio-New Braunfels, TX",Metropolitan Statistical Area
Guadalupe County,Texas,"San Antonio-New Braunfels, TX",Metropolitan Statistical Area
Kendall County,Texas,"San Antonio-New Braunfels, TX",Metropolitan Statistical Area
Medina County,Texas,"San Antonio-New Braunfels, TX",Metropolitan Statistical Area
Wilson County,Texas,"San Antonio-New Braunfels, TX",Metropolitan Statistical Area
San Diego County,California,"San Diego-Chula Vista-Carlsbad, CA",Metropolitan Statistical Area
Bonner County,Idaho,"Sandpoint, ID",Micropolitan Statistical Area
Erie County,Ohio,"Sandusky, OH",Metropolitan Statistical Area
Ottawa County,Ohio,"Sandusky, OH",Metropolitan Statistical Area
Lee County,North Carolina,"Sanford, NC",Micropolitan Statistical Area
Alameda County,California,"San Francisco-Oakland-Fremont, CA",Metropolitan Statistical Area
Contra Costa County,California,"San Francisco-Oakland-Fremont, CA",Metropolitan Statistical Area
San Francisco County,California,"San Francisco-Oakland-Fremont, CA",Metropolitan Statistical Area
San Mateo County,California,"San Francisco-Oakland-Fremont, CA",Metropolitan Statistical Area
Marin County,California,"San Francisco-Oakland-Fremont, CA",Metropolitan Statistical Area
San Benito County,California,"San Jose-Sunnyvale-Santa Clara, CA",Metropolitan Statistical Area
Santa Clara County,California,"San Jose-Sunnyvale-Santa Clara, CA",Metropolitan Statistical Area
Aguas Buenas Municipio,Puerto Rico,"San Juan-Bayamón-Caguas, PR",Metropolitan Statistical Area
Aibonito Municipio,Puerto Rico,"San Juan-Bayamón-Caguas, PR",Metropolitan Statistical Area
Barceloneta Municipio,Puerto Rico,"San Juan-Bayamón-Caguas, PR",Metropolitan Statistical Area
Barranquitas Municipio,Puerto Rico,"San Juan-Bayamón-Caguas, PR",Metropolitan Statistical Area
Bayamón Municipio,Puerto Rico,"San Juan-Bayamón-Caguas, PR",Metropolitan Statistical Area
Caguas Municipio,Puerto Rico,"San Juan-Bayamón-Caguas, PR",Metropolitan Statistical Area
Canóvanas Municipio,Puerto Rico,"San Juan-Bayamón-Caguas, PR",Metropolitan Statistical Area
Carolina Municipio,Puerto Rico,"San Juan-Bayamón-Caguas, PR",Metropolitan Statistical Area
Cataño Municipio,Puerto Rico,"San Juan-Bayamón-Caguas, PR",Metropolitan Statistical Area
Cayey Municipio,Puerto Rico,"San Juan-Bayamón-Caguas, PR",Metropolitan Statistical Area
Ceiba Municipio,Puerto Rico,"San Juan-Bayamón-Caguas, PR",Metropolitan Statistical Area
Ciales Municipio,Puerto Rico,"San Juan-Bayamón-Caguas, PR",Metropolitan Statistical Area
Cidra Municipio,Puerto Rico,"San Juan-Bayamón-Caguas, PR",Metropolitan Statistical Area
Comerío Municipio,Puerto Rico,"San Juan-Bayamón-Caguas, PR",Metropolitan Statistical Area
Corozal Municipio,Puerto Rico,"San Juan-Bayamón-Caguas, PR",Metropolitan Statistical Area
Dorado Municipio,Puerto Rico,"San Juan-Bayamón-Caguas, PR",Metropolitan Statistical Area
Fajardo Municipio,Puerto Rico,"San Juan-Bayamón-Caguas, PR",Metropolitan Statistical Area
Florida Municipio,Puerto Rico,"San Juan-Bayamón-Caguas, PR",Metropolitan Statistical Area
Guaynabo Municipio,Puerto Rico,"San Juan-Bayamón-Caguas, PR",Metropolitan Statistical Area
Gurabo Municipio,Puerto Rico,"San Juan-Bayamón-Caguas, PR",Metropolitan Statistical Area
Humacao Municipio,Puerto Rico,"San Juan-Bayamón-Caguas, PR",Metropolitan Statistical Area
Juncos Municipio,Puerto Rico,"San Juan-Bayamón-Caguas, PR",Metropolitan Statistical Area
Las Piedras Municipio,Puerto Rico,"San Juan-Bayamón-Caguas, PR",Metropolitan Statistical Area
Loíza Municipio,Puerto Rico,"San Juan-Bayamón-Caguas, PR",Metropolitan Statistical Area
Luquillo Municipio,Puerto Rico,"San Juan-Bayamón-Caguas, PR",Metropolitan Statistical Area
Manatí Municipio,Puerto Rico,"San Juan-Bayamón-Caguas, PR",Metropolitan Statistical Area
Maunabo Municipio,Puerto Rico,"San Juan-Bayamón-Caguas, PR",Metropolitan Statistical Area
Morovis Municipio,Puerto Rico,"San Juan-Bayamón-Caguas, PR",Metropolitan Statistical Area
Naguabo Municipio,Puerto Rico,"San Juan-Bayamón-Caguas, PR",Metropolitan Statistical Area
Naranjito Municipio,Puerto Rico,"San Juan-Bayamón-Caguas, PR",Metropolitan Statistical Area
Orocovis Municipio,Puerto Rico,"San Juan-Bayamón-Caguas, PR",Metropolitan Statistical Area
Río Grande Municipio,Puerto Rico,"San Juan-Bayamón-Caguas, PR",Metropolitan Statistical Area
San Juan Municipio,Puerto Rico,"San Juan-Bayamón-Caguas, PR",Metropolitan Statistical Area
San Lorenzo Municipio,Puerto Rico,"San Juan-Bayamón-Caguas, PR",Metropolitan Statistical Area
Toa Alta Municipio,Puerto Rico,"San Juan-Bayamón-Caguas, PR",Metropolitan Statistical Area
Toa Baja Municipio,Puerto Rico,"San Juan-Bayamón-Caguas, PR",Metropolitan Statistical Area
Trujillo Alto Municipio,Puerto Rico,"San Juan-Bayamón-Caguas, PR",Metropolitan Statistical Area
Vega Alta Municipio,Puerto Rico,"San Juan-Bayamón-Caguas, PR",Metropolitan Statistical Area
Vega Baja Municipio,Puerto Rico,"San Juan-Bayamón-Caguas, PR",Metropolitan Statistical Area
Yabucoa Municipio,Puerto Rico,"San Juan-Bayamón-Caguas, PR",Metropolitan Statistical Area
San Luis Obispo County,California,"San Luis Obispo-Paso Robles, CA",Metropolitan Statistical Area
Santa Cruz County,California,"Santa Cruz-Watsonville, CA",Metropolitan Statistical Area
Santa Fe County,New Mexico,"Santa Fe, NM",Metropolitan Statistical Area
Santa Barbara County,California,"Santa Maria-Santa Barbara, CA",Metropolitan Statistical Area
Sonoma County,California,"Santa Rosa-Petaluma, CA",Metropolitan Statistical Area
Chippewa County,Michigan,"Sault Ste. Marie, MI",Micropolitan Statistical Area
Bryan County,Georgia,"Savannah, GA",Metropolitan Statistical Area
Chatham County,Georgia,"Savannah, GA",Metropolitan Statistical Area
Effingham County,Georgia,"Savannah, GA",Metropolitan Statistical Area
Bradford County,Pennsylvania,"Sayre, PA",Micropolitan Statistical Area
Banner County,Nebraska,"Scottsbluff, NE",Micropolitan Statistical Area
Scotts Bluff County,Nebraska,"Scottsbluff, NE",Micropolitan Statistical Area
Jackson County,Alabama,"Scottsboro, AL",Micropolitan Statistical Area
Lackawanna County,Pennsylvania,"Scranton--Wilkes-Barre, PA",Metropolitan Statistical Area
Luzerne County,Pennsylvania,"Scranton--Wilkes-Barre, PA",Metropolitan Statistical Area
Wyoming County,Pennsylvania,"Scranton--Wilkes-Barre, PA",Metropolitan Statistical Area
Sussex County,Delaware,"Seaford, DE",Micropolitan Statistical Area
White County,Arkansas,"Searcy, AR",Micropolitan Statistical Area
Snohomish County,Washington,"Seattle-Tacoma-Bellevue, WA",Metropolitan Statistical Area
King County,Washington,"Seattle-Tacoma-Bellevue, WA",Metropolitan Statistical Area
Pierce County,Washington,"Seattle-Tacoma-Bellevue, WA",Metropolitan Statistical Area
Indian River County,Florida,"Sebastian-Vero Beach-West Vero Corridor, FL",Metropolitan Statistical Area
Highlands County,Florida,"Sebring, FL",Metropolitan Statistical Area
Pettis County,Missouri,"Sedalia, MO",Micropolitan Statistical Area
Snyder County,Pennsylvania,"Selinsgrove, PA",Micropolitan Statistical Area
Dallas County,Alabama,"Selma, AL",Micropolitan Statistical Area
Oconee County,South Carolina,"Seneca, SC",Micropolitan Statistical Area
Seneca County,New York,"Seneca Falls, NY",Micropolitan Statistical Area
Sevier County,Tennessee,"Sevierville, TN",Micropolitan Statistical Area
Jackson County,Indiana,"Seymour, IN",Micropolitan Statistical Area
Menominee County,Wisconsin,"Shawano, WI",Micropolitan Statistical Area
Shawano County,Wisconsin,"Shawano, WI",Micropolitan Statistical Area
Pottawatomie County,Oklahoma,"Shawnee, OK",Micropolitan Statistical Area
Sheboygan County,Wisconsin,"Sheboygan, WI",Metropolitan Statistical Area
Cleveland County,North Carolina,"Shelby-Kings Mountain, NC",Micropolitan Statistical Area
Bedford County,Tennessee,"Shelbyville, TN",Micropolitan Statistical Area
Mason County,Washington,"Shelton, WA",Micropolitan Statistical Area
Sheridan County,Wyoming,"Sheridan, WY",Micropolitan Statistical Area
Grayson County,Texas,"Sherman-Denison, TX",Metropolitan Statistical Area
Navajo County,Arizona,"Show Low, AZ",Micropolitan Statistical Area
Bossier Parish,Louisiana,"Shreveport-Bossier City, LA",Metropolitan Statistical Area
Caddo Parish,Louisiana,"Shreveport-Bossier City, LA",Metropolitan Statistical Area
De Soto Parish,Louisiana,"Shreveport-Bossier City, LA",Metropolitan Statistical Area
Shelby County,Ohio,"Sidney, OH",Micropolitan Statistical Area
Cochise County,Arizona,"Sierra Vista-Douglas, AZ",Metropolitan Statistical Area
Mississippi County,Missouri,"Sikeston, MO",Micropolitan Statistical Area
Scott County,Missouri,"Sikeston, MO",Micropolitan Statistical Area
Grant County,New Mexico,"Silver City, NM",Micropolitan Statistical Area
Woodbury County,Iowa,"Sioux City, IA-NE-SD",Metropolitan Statistical Area
Dakota County,Nebraska,"Sioux City, IA-NE-SD",Metropolitan Statistical Area
Union County,South Dakota,"Sioux City, IA-NE-SD",Metropolitan Statistical Area
Rock County,Minnesota,"Sioux Falls, SD-MN",Metropolitan Statistical Area
Lincoln County,South Dakota,"Sioux Falls, SD-MN",Metropolitan Statistical Area
McCook County,South Dakota,"Sioux Falls, SD-MN",Metropolitan Statistical Area
Minnehaha County,South Dakota,"Sioux Falls, SD-MN",Metropolitan Statistical Area
Turner County,South Dakota,"Sioux Falls, SD-MN",Metropolitan Statistical Area
St. Tammany Parish,Louisiana,"Slidell-Mandeville-Covington, LA",Metropolitan Statistical Area
Scurry County,Texas,"Snyder, TX",Micropolitan Statistical Area
Pulaski County,Kentucky,"Somerset, KY",Micropolitan Statistical Area
Somerset County,Pennsylvania,"Somerset, PA",Micropolitan Statistical Area
Tuolumne County,California,"Sonora, CA",Micropolitan Statistical Area
St. Joseph County,Indiana,"South Bend-Mishawaka, IN-MI",Metropolitan Statistical Area
Cass County,Michigan,"South Bend-Mishawaka, IN-MI",Metropolitan Statistical Area
Monroe County,Wisconsin,"Sparta, WI",Micropolitan Statistical Area
Spartanburg County,South Carolina,"Spartanburg, SC",Metropolitan Statistical Area
Union County,South Carolina,"Spartanburg, SC",Metropolitan Statistical Area
Lawrence County,South Dakota,"Spearfish, SD",Micropolitan Statistical Area
Clay County,Iowa,"Spencer, IA",Micropolitan Statistical Area
Dickinson County,Iowa,"Spirit Lake, IA",Micropolitan Statistical Area
Spokane County,Washington,"Spokane-Spokane Valley, WA",Metropolitan Statistical Area
Stevens County,Washington,"Spokane-Spokane Valley, WA",Metropolitan Statistical Area
Menard County,Illinois,"Springfield, IL",Metropolitan Statistical Area
Sangamon County,Illinois,"Springfield, IL",Metropolitan Statistical Area
Hampden County,Massachusetts,"Springfield, MA",Metropolitan Statistical Area
Christian County,Missouri,"Springfield, MO",Metropolitan Statistical Area
Dallas County,Missouri,"Springfield, MO",Metropolitan Statistical Area
Greene County,Missouri,"Springfield, MO",Metropolitan Statistical Area
Polk County,Missouri,"Springfield, MO",Metropolitan Statistical Area
Webster County,Missouri,"Springfield, MO",Metropolitan Statistical Area
Clark County,Ohio,"Springfield, OH",Metropolitan Statistical Area
Oktibbeha County,Mississippi,"Starkville, MS",Micropolitan Statistical Area
Webster County,Mississippi,"Starkville, MS",Micropolitan Statistical Area
Centre County,Pennsylvania,"State College, PA",Metropolitan Statistical Area
Bulloch County,Georgia,"Statesboro, GA",Micropolitan Statistical Area
Evans County,Georgia,"Statesboro, GA",Micropolitan Statistical Area
Augusta County,Virginia,"Staunton-Stuarts Draft, VA",Metropolitan Statistical Area
Staunton city,Virginia,"Staunton-Stuarts Draft, VA",Metropolitan Statistical Area
Waynesboro city,Virginia,"Staunton-Stuarts Draft, VA",Metropolitan Statistical Area
Moffat County,Colorado,"Steamboat Springs, CO",Micropolitan Statistical Area
Routt County,Colorado,"Steamboat Springs, CO",Micropolitan Statistical Area
Erath County,Texas,"Stephenville, TX",Micropolitan Statistical Area
Logan County,Colorado,"Sterling, CO",Micropolitan Statistical Area
Whiteside County,Illinois,"Sterling, IL",Micropolitan Statistical Area
Portage County,Wisconsin,"Stevens Point-Plover, WI",Micropolitan Statistical Area
Payne County,Oklahoma,"Stillwater, OK",Micropolitan Statistical Area
San Joaquin County,California,"Stockton-Lodi, CA",Metropolitan Statistical Area
Buena Vista County,Iowa,"Storm Lake, IA",Micropolitan Statistical Area
St. Joseph County,Michigan,"Sturgis, MI",Micropolitan Statistical Area
Hopkins County,Texas,"Sulphur Springs, TX",Micropolitan Statistical Area
Chattooga County,Georgia,"Summerville, GA",Micropolitan Statistical Area
Sumter County,South Carolina,"Sumter, SC",Metropolitan Statistical Area
Montour County,Pennsylvania,"Sunbury, PA",Micropolitan Statistical Area
Northumberland County,Pennsylvania,"Sunbury, PA",Micropolitan Statistical Area
Lassen County,California,"Susanville, CA",Micropolitan Statistical Area
Nolan County,Texas,"Sweetwater, TX",Micropolitan Statistical Area
Madison County,New York,"Syracuse, NY",Metropolitan Statistical Area
Onondaga County,New York,"Syracuse, NY",Metropolitan Statistical Area
Oswego County,New York,"Syracuse, NY",Metropolitan Statistical Area
Cherokee County,Oklahoma,"Tahlequah, OK",Micropolitan Statistical Area
Coosa County,Alabama,"Talladega-Sylacauga, AL",Micropolitan Statistical Area
Talladega County,Alabama,"Talladega-Sylacauga, AL",Micropolitan Statistical Area
Gadsden County,Florida,"Tallahassee, FL",Metropolitan Statistical Area
Jefferson County,Florida,"Tallahassee, FL",Metropolitan Statistical Area
Leon County,Florida,"Tallahassee, FL",Metropolitan Statistical Area
Wakulla County,Florida,"Tallahassee, FL",Metropolitan Statistical Area
Pinellas County,Florida,"Tampa-St. Petersburg-Clearwater, FL",Metropolitan Statistical Area
Hernando County,Florida,"Tampa-St. Petersburg-Clearwater, FL",Metropolitan Statistical Area
Hillsborough County,Florida,"Tampa-St. Petersburg-Clearwater, FL",Metropolitan Statistical Area
Pasco County,Florida,"Tampa-St. Petersburg-Clearwater, FL",Metropolitan Statistical Area
Taos County,New Mexico,"Taos, NM",Micropolitan Statistical Area
Christian County,Illinois,"Taylorville, IL",Micropolitan Statistical Area
Clay County,Indiana,"Terre Haute, IN",Metropolitan Statistical Area
Sullivan County,Indiana,"Terre Haute, IN",Metropolitan Statistical Area
Vermillion County,Indiana,"Terre Haute, IN",Metropolitan Statistical Area
Vigo County,Indiana,"Terre Haute, IN",Metropolitan Statistical Area
Little River County,Arkansas,"Texarkana, TX-AR",Metropolitan Statistical Area
Miller County,Arkansas,"Texarkana, TX-AR",Metropolitan Statistical Area
Bowie County,Texas,"Texarkana, TX-AR",Metropolitan Statistical Area
Wasco County,Oregon,"The Dalles, OR",Micropolitan Statistical Area
Upson County,Georgia,"Thomaston, GA",Micropolitan Statistical Area
Grady County,Georgia,"Thomasville, GA",Micropolitan Statistical Area
Thomas County,Georgia,"Thomasville, GA",Micropolitan Statistical Area
Seneca County,Ohio,"Tiffin, OH",Micropolitan Statistical Area
Tift County,Georgia,"Tifton, GA",Micropolitan Statistical Area
Turner County,Georgia,"Tifton, GA",Micropolitan Statistical Area
Stephens County,Georgia,"Toccoa, GA",Micropolitan Statistical Area
Fulton County,Ohio,"Toledo, OH",Metropolitan Statistical Area
Lucas County,Ohio,"Toledo, OH",Metropolitan Statistical Area
Wood County,Ohio,"Toledo, OH",Metropolitan Statistical Area
Jackson County,Kansas,"Topeka, KS",Metropolitan Statistical Area
Jefferson County,Kansas,"Topeka, KS",Metropolitan Statistical Area
Osage County,Kansas,"Topeka, KS",Metropolitan Statistical Area
Shawnee County,Kansas,"Topeka, KS",Metropolitan Statistical Area
Wabaunsee County,Kansas,"Topeka, KS",Metropolitan Statistical Area
Northwest Hills Planning Region,Connecticut,"Torrington, CT",Micropolitan Statistical Area
Reeves County,Texas,"Town of Pecos, TX",Micropolitan Statistical Area
Benzie County,Michigan,"Traverse City, MI",Metropolitan Statistical Area
Grand Traverse County,Michigan,"Traverse City, MI",Metropolitan Statistical Area
Kalkaska County,Michigan,"Traverse City, MI",Metropolitan Statistical Area
Leelanau County,Michigan,"Traverse City, MI",Metropolitan Statistical Area
Mercer County,New Jersey,"Trenton-Princeton, NJ",Metropolitan Statistical Area
Pike County,Alabama,"Troy, AL",Micropolitan Statistical Area
Nevada County,California,"Truckee-Grass Valley, CA",Micropolitan Statistical Area
Pima County,Arizona,"Tucson, AZ",Metropolitan Statistical Area
Coffee County,Tennessee,"Tullahoma-Manchester, TN",Micropolitan Statistical Area
Moore County,Tennessee,"Tullahoma-Manchester, TN",Micropolitan Statistical Area
Creek County,Oklahoma,"Tulsa, OK",Metropolitan Statistical Area
Okmulgee County,Oklahoma,"Tulsa, OK",Metropolitan Statistical Area
Osage County,Oklahoma,"Tulsa, OK",Metropolitan Statistical Area
Pawnee County,Oklahoma,"Tulsa, OK",Metropolitan Statistical Area
Rogers County,Oklahoma,"Tulsa, OK",Metropolitan Statistical Area
Tulsa County,Oklahoma,"Tulsa, OK",Metropolitan Statistical Area
Wagoner County,Oklahoma,"Tulsa, OK",Metropolitan Statistical Area
Itawamba County,Mississippi,"Tupelo, MS",Micropolitan Statistical Area
Lee County,Mississippi,"Tupelo, MS",Micropolitan Statistical Area
Prentiss County,Mississippi,"Tupelo, MS",Micropolitan Statistical Area
Greene County,Alabama,"Tuscaloosa, AL",Metropolitan Statistical Area
Hale County,Alabama,"Tuscaloosa, AL",Metropolitan Statistical Area
Pickens County,Alabama,"Tuscaloosa, AL",Metropolitan Statistical Area
Tuscaloosa County,Alabama,"Tuscaloosa, AL",Metropolitan Statistical Area
Jerome County,Idaho,"Twin Falls, ID",Metropolitan Statistical Area
Twin Falls County,Idaho,"Twin Falls, ID",Metropolitan Statistical Area
Smith County,Texas,"Tyler, TX",Metropolitan Statistical Area
Mendocino County,California,"Ukiah, CA",Micropolitan Statistical Area
Obion County,Tennessee,"Union City, TN",Micropolitan Statistical Area
Champaign County,Ohio,"Urbana, OH",Micropolitan Statistical Area
Honolulu County,Hawaii,"Urban Honolulu, HI",Metropolitan Statistical Area
Herkimer County,New York,"Utica-Rome, NY",Metropolitan Statistical Area
Oneida County,New York,"Utica-Rome, NY",Metropolitan Statistical Area
Utuado Municipio,Puerto Rico,"Utuado, PR",Micropolitan Statistical Area
Uvalde County,Texas,"Uvalde, TX",Micropolitan Statistical Area
Brooks County,Georgia,"Valdosta, GA",Metropolitan Statistical Area
Echols County,Georgia,"Valdosta, GA",Metropolitan Statistical Area
Lanier County,Georgia,"Valdosta, GA",Metropolitan Statistical Area
Lowndes County,Georgia,"Valdosta, GA",Metropolitan Statistical Area
Solano County,California,"Vallejo, CA",Metropolitan Statistical Area
Van Wert County,Ohio,"Van Wert, OH",Micropolitan Statistical Area
Clay County,South Dakota,"Vermillion, SD",Micropolitan Statistical Area
Uintah County,Utah,"Vernal, UT",Micropolitan Statistical Area
Wilbarger County,Texas,"Vernon, TX",Micropolitan Statistical Area
Warren County,Mississippi,"Vicksburg, MS",Micropolitan Statistical Area
Goliad County,Texas,"Victoria, TX",Metropolitan Statistical Area
Victoria County,Texas,"Victoria, TX",Metropolitan Statistical Area
Montgomery County,Georgia,"Vidalia, GA",Micropolitan Statistical Area
Toombs County,Georgia,"Vidalia, GA",Micropolitan Statistical Area
Knox County,Indiana,"Vincennes, IN",Micropolitan Statistical Area
Cumberland County,New Jersey,"Vineland, NJ",Metropolitan Statistical Area
Dukes County,Massachusetts,"Vineyard Haven, MA",Micropolitan Statistical Area
Camden County,North Carolina,"Virginia Beach-Chesapeake-Norfolk, VA-NC",Metropolitan Statistical Area
Currituck County,North Carolina,"Virginia Beach-Chesapeake-Norfolk, VA-NC",Metropolitan Statistical Area
Gates County,North Carolina,"Virginia Beach-Chesapeake-Norfolk, VA-NC",Metropolitan Statistical Area
Gloucester County,Virginia,"Virginia Beach-Chesapeake-Norfolk, VA-NC",Metropolitan Statistical Area
Isle of Wight County,Virginia,"Virginia Beach-Chesapeake-Norfolk, VA-NC",Metropolitan Statistical Area
James City County,Virginia,"Virginia Beach-Chesapeake-Norfolk, VA-NC",Metropolitan Statistical Area
Mathews County,Virginia,"Virginia Beach-Chesapeake-Norfolk, VA-NC",Metropolitan Statistical Area
Surry County,Virginia,"Virginia Beach-Chesapeake-Norfolk, VA-NC",Metropolitan Statistical Area
York County,Virginia,"Virginia Beach-Chesapeake-Norfolk, VA-NC",Metropolitan Statistical Area
Chesapeake city,Virginia,"Virginia Beach-Chesapeake-Norfolk, VA-NC",Metropolitan Statistical Area
Hampton city,Virginia,"Virginia Beach-Chesapeake-Norfolk, VA-NC",Metropolitan Statistical Area
Newport News city,Virginia,"Virginia Beach-Chesapeake-Norfolk, VA-NC",Metropolitan Statistical Area
Norfolk city,Virginia,"Virginia Beach-Chesapeake-Norfolk, VA-NC",Metropolitan Statistical Area
Poquoson city,Virginia,"Virginia Beach-Chesapeake-Norfolk, VA-NC",Metropolitan Statistical Area
Portsmouth city,Virginia,"Virginia Beach-Chesapeake-Norfolk, VA-NC",Metropolitan Statistical Area
Suffolk city,Virginia,"Virginia Beach-Chesapeake-Norfolk, VA-NC",Metropolitan Statistical Area
Virginia Beach city,Virginia,"Virginia Beach-Chesapeake-Norfolk, VA-NC",Metropolitan Statistical Area
Williamsburg city,Virginia,"Virginia Beach-Chesapeake-Norfolk, VA-NC",Metropolitan Statistical Area
Tulare County,California,"Visalia, CA",Metropolitan Statistical Area
Wabash County,Indiana,"Wabash, IN",Micropolitan Statistical Area
Bosque County,Texas,"Waco, TX",Metropolitan Statistical Area
Falls County,Texas,"Waco, TX",Metropolitan Statistical Area
McLennan County,Texas,"Waco, TX",Metropolitan Statistical Area
Wilkin County,Minnesota,"Wahpeton, ND-MN",Micropolitan Statistical Area
Richland County,North Dakota,"Wahpeton, ND-MN",Micropolitan Statistical Area
Walla Walla County,Washington,"Walla Walla, WA",Metropolitan Statistical Area
Auglaize County,Ohio,"Wapakoneta, OH",Micropolitan Statistical Area
Houston County,Georgia,"Warner Robins, GA",Metropolitan Statistical Area
Peach County,Georgia,"Warner Robins, GA",Metropolitan Statistical Area
Warren County,Pennsylvania,"Warren, PA",Micropolitan Statistical Area
Johnson County,Missouri,"Warrensburg, MO",Micropolitan Statistical Area
Kosciusko County,Indiana,"Warsaw, IN",Micropolitan Statistical Area
Daviess County,Indiana,"Washington, IN",Micropolitan Statistical Area
Beaufort County,North Carolina,"Washington, NC",Micropolitan Statistical Area
Arlington County,Virginia,"Washington-Arlington-Alexandria, DC-VA-MD-WV",Metropolitan Statistical Area
Clarke County,Virginia,"Washington-Arlington-Alexandria, DC-VA-MD-WV",Metropolitan Statistical Area
Culpeper County,Virginia,"Washington-Arlington-Alexandria, DC-VA-MD-WV",Metropolitan Statistical Area
Fairfax County,Virginia,"Washington-Arlington-Alexandria, DC-VA-MD-WV",Metropolitan Statistical Area
Fauquier County,Virginia,"Washington-Arlington-Alexandria, DC-VA-MD-WV",Metropolitan Statistical Area
Loudoun County,Virginia,"Washington-Arlington-Alexandria, DC-VA-MD-WV",Metropolitan Statistical Area
Prince William County,Virginia,"Washington-Arlington-Alexandria, DC-VA-MD-WV",Metropolitan Statistical Area
Rappahannock County,Virginia,"Washington-Arlington-Alexandria, DC-VA-MD-WV",Metropolitan Statistical Area
Spotsylvania County,Virginia,"Washington-Arlington-Alexandria, DC-VA-MD-WV",Metropolitan Statistical Area
Stafford County,Virginia,"Washington-Arlington-Alexandria, DC-VA-MD-WV",Metropolitan Statistical Area
Warren County,Virginia,"Washington-Arlington-Alexandria, DC-VA-MD-WV",Metropolitan Statistical Area
Alexandria city,Virginia,"Washington-Arlington-Alexandria, DC-VA-MD-WV",Metropolitan Statistical Area
Fairfax city,Virginia,"Washington-Arlington-Alexandria, DC-VA-MD-WV",Metropolitan Statistical Area
Falls Church city,Virginia,"Washington-Arlington-Alexandria, DC-VA-MD-WV",Metropolitan Statistical Area
Fredericksburg city,Virginia,"Washington-Arlington-Alexandria, DC-VA-MD-WV",Metropolitan Statistical Area
Manassas city,Virginia,"Washington-Arlington-Alexandria, DC-VA-MD-WV",Metropolitan Statistical Area
Manassas Park city,Virginia,"Washington-Arlington-Alexandria, DC-VA-MD-WV",Metropolitan Statistical Area
Jefferson County,West Virginia,"Washington-Arlington-Alexandria, DC-VA-MD-WV",Metropolitan Statistical Area
Frederick County,Maryland,"Washington-Arlington-Alexandria, DC-VA-MD-WV",Metropolitan Statistical Area
Montgomery County,Maryland,"Washington-Arlington-Alexandria, DC-VA-MD-WV",Metropolitan Statistical Area
District of Columbia,District of Columbia,"Washington-Arlington-Alexandria, DC-VA-MD-WV",Metropolitan Statistical Area
Charles County,Maryland,"Washington-Arlington-Alexandria, DC-VA-MD-WV",Metropolitan Statistical Area
Prince George's County,Maryland,"Washington-Arlington-Alexandria, DC-VA-MD-WV",Metropolitan Statistical Area
Fayette County,Ohio,"Washington Court House, OH",Micropolitan Statistical Area
Naugatuck Valley Planning Region,Connecticut,"Waterbury-Shelton, CT",Metropolitan Statistical Area
Black Hawk County,Iowa,"Waterloo-Cedar Falls, IA",Metropolitan Statistical Area
Bremer County,Iowa,"Waterloo-Cedar Falls, IA",Metropolitan Statistical Area
Grundy County,Iowa,"Waterloo-Cedar Falls, IA",Metropolitan Statistical Area
Codington County,South Dakota,"Watertown, SD",Micropolitan Statistical Area
Jefferson County,Wisconsin,"Watertown-Fort Atkinson, WI",Micropolitan Statistical Area
Jefferson County,New York,"Watertown-Fort Drum, NY",Metropolitan Statistical Area
Marathon County,Wisconsin,"Wausau, WI",Metropolitan Statistical Area
Pierce County,Georgia,"Waycross, GA",Micropolitan Statistical Area
Ware County,Georgia,"Waycross, GA",Micropolitan Statistical Area
Haywood County,North Carolina,"Waynesville, NC",Micropolitan Statistical Area
Custer County,Oklahoma,"Weatherford, OK",Micropolitan Statistical Area
Washita County,Oklahoma,"Weatherford, OK",Micropolitan Statistical Area
Jefferson County,Ohio,"Weirton-Steubenville, WV-OH",Metropolitan Statistical Area
Brooke County,West Virginia,"Weirton-Steubenville, WV-OH",Metropolitan Statistical Area
Hancock County,West Virginia,"Weirton-Steubenville, WV-OH",Metropolitan Statistical Area
Chelan County,Washington,"Wenatchee-East Wenatchee, WA",Metropolitan Statistical Area
Douglas County,Washington,"Wenatchee-East Wenatchee, WA",Metropolitan Statistical Area
Howell County,Missouri,"West Plains, MO",Micropolitan Statistical Area
Belmont County,Ohio,"Wheeling, WV-OH",Metropolitan Statistical Area
Marshall County,West Virginia,"Wheeling, WV-OH",Metropolitan Statistical Area
Ohio County,West Virginia,"Wheeling, WV-OH",Metropolitan Statistical Area
Walworth County,Wisconsin,"Whitewater-Elkhorn, WI",Micropolitan Statistical Area
Butler County,Kansas,"Wichita, KS",Metropolitan Statistical Area
Harvey County,Kansas,"Wichita, KS",Metropolitan Statistical Area
Sedgwick County,Kansas,"Wichita, KS",Metropolitan Statistical Area
Sumner County,Kansas,"Wichita, KS",Metropolitan Statistical Area
Archer County,Texas,"Wichita Falls, TX",Metropolitan Statistical Area
Clay County,Texas,"Wichita Falls, TX",Metropolitan Statistical Area
Wichita County,Texas,"Wichita Falls, TX",Metropolitan Statistical Area
Sumter County,Florida,"Wildwood-The Villages, FL",Metropolitan Statistical Area
Lycoming County,Pennsylvania,"Williamsport, PA",Metropolitan Statistical Area
Williams County,North Dakota,"Williston, ND",Micropolitan Statistical Area
Kandiyohi County,Minnesota,"Willmar, MN",Micropolitan Statistical Area
Brunswick County,North Carolina,"Wilmington, NC",Metropolitan Statistical Area
New Hanover County,North Carolina,"Wilmington, NC",Metropolitan Statistical Area
Pender County,North Carolina,"Wilmington, NC",Metropolitan Statistical Area
Clinton County,Ohio,"Wilmington, OH",Micropolitan Statistical Area
Wilson County,North Carolina,"Wilson, NC",Micropolitan Statistical Area
Franklin County,Tennessee,"Winchester, TN",Micropolitan Statistical Area
Frederick County,Virginia,"Winchester, VA-WV",Metropolitan Statistical Area
Winchester city,Virginia,"Winchester, VA-WV",Metropolitan Statistical Area
Hampshire County,West Virginia,"Winchester, VA-WV",Metropolitan Statistical Area
Humboldt County,Nevada,"Winnemucca, NV",Micropolitan Statistical Area
Winona County,Minnesota,"Winona, MN",Micropolitan Statistical Area
Davidson County,North Carolina,"Winston-Salem, NC",Metropolitan Statistical Area
Davie County,North Carolina,"Winston-Salem, NC",Metropolitan Statistical Area
Forsyth County,North Carolina,"Winston-Salem, NC",Metropolitan Statistical Area
Stokes County,North Carolina,"Winston-Salem, NC",Metropolitan Statistical Area
Yadkin County,North Carolina,"Winston-Salem, NC",Metropolitan Statistical Area
Wood County,Wisconsin,"Wisconsin Rapids-Marshfield, WI",Micropolitan Statistical Area
Woodward County,Oklahoma,"Woodward, OK",Micropolitan Statistical Area
Wayne County,Ohio,"Wooster, OH",Micropolitan Statistical Area
Worcester County,Massachusetts,"Worcester, MA",Metropolitan Statistical Area
Nobles County,Minnesota,"Worthington, MN",Micropolitan Statistical Area
Yakima County,Washington,"Yakima, WA",Metropolitan Statistical Area
Yankton County,South Dakota,"Yankton, SD",Micropolitan Statistical Area
York County,Pennsylvania,"York-Hanover, PA",Metropolitan Statistical Area
Mahoning County,Ohio,"Youngstown-Warren, OH",Metropolitan Statistical Area
Trumbull County,Ohio,"Youngstown-Warren, OH",Metropolitan Statistical Area
Sutter County,California,"Yuba City, CA",Metropolitan Statistical Area
Yuba County,California,"Yuba City, CA",Metropolitan Statistical Area
Yuma County,Arizona,"Yuma, AZ",Metropolitan Statistical Area
Muskingum County,Ohio,"Zanesville, OH",Micropolitan Statistical Area
Zapata County,Texas,"Zapata, TX",Micropolitan Statistical Area
